Workbook

Sheet Grid Image Tracker
A1: Row # | B1: Family | C1: Capacity (ml) | D1: Glass Color | E1: Applicator Types | F1: Thread Size | G1: Display Name | H1: Category | I1: Collection | J1: Convex Slug | K1: Convex ID | L1: Primary Grace SKU | M1: Primary Website SKU | N1: All Legacy SKUs | O1: Product URL | P1: Has Hero Image? | Q1: Hero Image URL | R1: Variant Count | S1: Price Min ($) | T1: Price Max ($) | U1: Prompt Status | V1: Generation Status | W1: QA Status | X1: Notes
A2: 1 | B2: Apothecary | C2: 15 | D2: Cobalt Blue | E2: Glass Stopper | F2: Ground | G2: 15 ml Cobalt Blue Apothecary Applicator Bottle | H2: Glass Bottle | I2: Apothecary | J2: apothecary-15ml-cobalt-blue-Ground-glassapplicator | K2: kh75zzjck76jpqraxft0vhs4pd83k811 | L2: GB-APT-BLU-15ML-BLU-T | M2: GB15ApthBlue | N2: GB15ApthBlue | O2: https://www.bestbottles.com/product/Apothecary-style-15-ml-blue-glass-bottle-blue-glass-stopper | P2: No | R2: 1 | S2: 2.9 | T2: 2.9
A3: 2 | B3: Apothecary | C3: 30 | D3: Clear | E3: Glass Stopper | F3: Ground | G3: 30 ml Clear Apothecary Applicator Bottle | H3: Glass Bottle | I3: Apothecary | J3: apothecary-30ml-clear-Ground-glassapplicator | K3: kh74mjg1k626msbrwhjcj1jxvd83kev5 | L3: GB-APT-CLR-30ML-T | M3: GB1ozApth | N3: GB1ozApth | O3: https://www.bestbottles.com/product/Apothecary-style-1-ounce-clear-glass-bottle-clear-glass-stopper | P3: No | R3: 1 | S3: 2.9 | T3: 2.9
A4: 3 | B4: Apothecary | C4: 30 | D4: Cobalt Blue | E4: Glass Stopper | F4: Ground | G4: 30 ml Cobalt Blue Apothecary Applicator Bottle | H4: Glass Bottle | I4: Apothecary | J4: apothecary-30ml-cobalt-blue-Ground-glassapplicator | K4: kh758q30dj5dbqa4cqsyhkhaz983k8ex | L4: GB-APT-BLU-30ML-BLU-T | M4: GB1ozApthBlue | N4: GB1ozApthBlue | O4: https://www.bestbottles.com/product/Apothecary-style-1-ounce-blue-glass-bottle-blue-glass-stopper | P4: No | R4: 1 | S4: 2.9 | T4: 2.9
A5: 4 | B5: Apothecary | C5: 30 | D5: Green | E5: Glass Stopper | F5: Ground | G5: 30 ml Green Apothecary Applicator Bottle | H5: Glass Bottle | I5: Apothecary | J5: apothecary-30ml-green-Ground-glassapplicator | K5: kh7eay6sf6g6vkbxkc032vgntd83k6z1 | L5: GB-APT-GRN-30ML-GRN-T | M5: GB1ozApthGreen | N5: GB1ozApthGreen | O5: https://www.bestbottles.com/product/Apothecary-style-1-ounce-green-glass-bottle-green-glass-stopper | P5: No | R5: 1 | S5: 2.9 | T5: 2.9
A6: 5 | B6: Apothecary | C6: 118 | D6: Clear | E6: Cap/Closure | F6: Ground | G6: 118 ml Clear Pear Bottle with Stopper | H6: Glass Bottle | I6: Apothecary | J6: pear-118ml-clear-Ground-stopper | K6: kh7884mkyxnwzvk52rf1nptq5583kjf0 | L6: GB-DEC-CLR-118ML | M6: GBPearClear4ozStpr | N6: GBPearClear4ozStpr | O6: https://www.bestbottles.com/product/Apothecary-style-Clear-glass-cylindrical-4oz-glass-stopper | P6: No | R6: 1 | S6: 4.5 | T6: 4.5
A7: 6 | B7: Bell | C7: 10 | D7: Clear | E7: Cap/Closure | F7: 13-415 | G7: 10 ml Clear Bell Bottle | H7: Glass Bottle | I7: Bell Collection | J7: bell-10ml-clear-13-415-capclosure | K7: kh74qjssw50h0jgjprr0f2zrwd83k8yb | L7: GB-BEL-CLR-10ML-SHT-SBLK | M7: GBBell10BlkShSht | N7: GBBell10BlkShSht | O7: https://www.bestbottles.com/product/bell-design-10-ml-glass-bottle-short-shiny-black-cap | P7: No | R7: 1 | S7: 0.6 | T7: 0.6
A8: 7 | B8: Bell | C8: 10 | D8: Clear | E8: Cap/Closure | F8: 13-415 | G8: 10.0 ml Clear Bell Bottle with Cap | H8: Glass Bottle | J8: bell-10ml-clear-13-415 | K8: kh74vwsapbjsyxwyywndpdssn983jfgw | L8: GB-BLL-CLR-10ML-MRL-BDOT | M8: GBBell10MtlRollBlkDot | N8: GBBell10MtlRollBlkDot, GBBell10RollBlkDot | O8: https://www.bestbottles.com/product/bell-design-10-ml-glass-bottle-metal-roller-ball-plug-black-shiny-cap-with-dots | P8: No | R8: 2 | S8: 0.74 | T8: 0.82
A9: 8 | B9: Bell | C9: 10 | D9: Clear | E9: Fine Mist Sprayer | F9: 13-415 | G9: 10 ml Clear Bell Fine Mist Spray Bottle | H9: Glass Bottle | I9: Bell | J9: bell-10ml-clear-13-415-finemist | K9: kh72622695yfgrq69fp0xx5rbs83je3g | L9: GB-BEL-CLR-10ML-SPR-SBLK | M9: GBBell10SpryBlkSh | N9: GBBell10SpryBlkSh | O9: https://www.bestbottles.com/product/bell-design-10-ml-clear-glass-bottle-shiny-black-spray | P9: No | R9: 1 | S9: 0.9 | T9: 0.9
A10: 9 | B10: Bell | C10: 10 | D10: Clear | E10: Metal Roller Ball, Plastic Roller Ball | F10: 13-415 | G10: 10 ml Clear Bell Roll-On Bottle | H10: Glass Bottle | I10: Bell Collection | J10: bell-10ml-clear-13-415-rollon | K10: kh7a5c349tvj8n8sa46w9de8jx83kxgs | L10: GB-BEL-CLR-10ML-ROL-BLDOT | M10: GBBell10RollBlkDot | N10: GBBell10RollBlkDot, GBBell10MtlRollBlkDot | O10: https://www.bestbottles.com/product/bell-design-10-ml-glass-bottle-plastic-roller-ball-plug-black-shiny-cap-with-dots | P10: No | R10: 2 | S10: 0.74 | T10: 0.82
A11: 10 | B11: Boston Round | C11: 15 | D11: Amber | E11: Cap/Closure | F11: 18-400 | G11: 15 ml Amber Boston Round Bottle with Cap | H11: Glass Bottle | I11: Boston Round | J11: boston-round-15ml-amber-18-400 | K11: kh7dyyag722vnby7v0vtk86y9183k1qm | L11: GB-BSR-AMB-15ML-BLK-S | M11: GBBstnAmb15mlBlkCapSht | N11: GBBstnAmb15mlBlkCapSht | O11: https://www.bestbottles.com/product/boston-round-design-15-ml-amber-glass-bottle-black-short-cap | P11: No | R11: 1 | S11: 0.42 | T11: 0.42
A12: 11 | B12: Boston Round | C12: 15 | D12: Amber | E12: Dropper | F12: 18-400 | G12: 15 ml Amber Boston Round Dropper Bottle | H12: Glass Bottle | I12: Boston Round | J12: boston-round-15ml-amber-18-400-dropper | K12: kh70zt06mq8ebwfe1rbrjzsban83jng8 | L12: GB-BSR-AMB-15ML-BLK-T-03 | M12: GBBstnAmb15mlBlkDropperSlTrim | N12: GBBstnAmb15mlBlkDropperSlTrim, GBBstnAmb15mlWhtDropper, GBBstnAmb15mlWhtDropperGlTrim, GBBstnAmb15mlWhtDropperSlTrim, GBBstnAmb15mlBlkDropperGlTrim | O12: https://www.bestbottles.com/product/boston-round-design-15-ml-amber-glass-bottle-black-dropper-shiny-silver-trim-cap | P12: No | R12: 6 | S12: 0.67 | T12: 0.82
A13: 12 | B13: Boston Round | C13: 15 | D13: Clear | E13: Cap/Closure | F13: 18-400 | G13: 15 ml Clear Boston Round Bottle with Cap | H13: Glass Bottle | I13: Boston Round | J13: boston-round-15ml-clear-18-400 | K13: kh782gspzag63xwn768bt9j98x83jc0d | L13: GB-BSR-CLR-15ML-BLK-S | M13: GBBstn15BlkCapSht | N13: GBBstn15BlkCapSht | O13: https://www.bestbottles.com/product/boston-round-design-15-ml-clear-glass-bottle-black-short-cap | P13: No | R13: 2 | S13: 0.42 | T13: 0.67
A14: 13 | B14: Boston Round | C14: 15 | D14: Cobalt Blue | E14: Cap/Closure | F14: 18-400 | G14: 15 ml Cobalt Blue Boston Round Bottle with Cap | H14: Glass Bottle | I14: Boston Round | J14: boston-round-15ml-cobalt-blue-18-400 | K14: kh765ptesrzsaz6s354zagtxxh83kp4e | L14: GB-BSR-CBL-15ML-BLK-S | M14: GBBstnBlu15BlkCapSht | N14: GBBstnBlu15BlkCapSht | O14: https://www.bestbottles.com/product/boston-round-design-15-ml-cobalt-blue-glass-bottle-black-short-cap | P14: No | R14: 1 | S14: 0.42 | T14: 0.42
A15: 14 | B15: Boston Round | C15: 15 | D15: Cobalt Blue | E15: Dropper | F15: 18-400 | G15: 15 ml Cobalt Blue Boston Round Dropper Bottle | H15: Glass Bottle | I15: Boston Round | J15: boston-round-15ml-cobalt-blue-18-400-dropper | K15: kh79y1hddtdfwsmy4afhvs5n7h83j0gm | L15: GB-BSR-CBL-15ML-WHT-T-01 | M15: GBBstnBlu15WhtDrpr | N15: GBBstnBlu15WhtDrpr, GBBstnBlu15WhtDrprSlTrim, GBBstnBlu15WhtDrprGlTrim, GBBstnBlu15mlBlkDropperSlTrim, GBBstnBlu15BlkDrprGlTrim | O15: https://www.bestbottles.com/product/boston-round-design-15-ml-cobalt-blue-glass-bottle-white-dropper | P15: No | R15: 6 | S15: 0.67 | T15: 0.82
A16: 15 | B16: Boston Round | C16: 30 | D16: Amber | E16: Cap/Closure | F16: 20-400 | G16: 30 ml Amber Boston Round Bottle with Cap | H16: Glass Bottle | I16: Boston Round | J16: boston-round-30ml-amber-20-400 | K16: kh7170jj2eaz3s2g6qa5t17y2d83k8hp | L16: GB-BSR-AMB-30ML-BLK-S | M16: GBBstnAmb1ozBlkCapSht | N16: GBBstnAmb1ozBlkCapSht | O16: https://www.bestbottles.com/product/boston-round-design-1-oz-amber-glass-bottle-short-black-cap | P16: No | R16: 1 | S16: 0.47 | T16: 0.47
A17: 16 | B17: Boston Round | C17: 30 | D17: Amber | E17: Dropper | F17: 20-400 | G17: 30 ml Amber Boston Round Dropper Bottle | H17: Glass Bottle | I17: Boston Round | J17: boston-round-30ml-amber-20-400-dropper | K17: kh78qzqrp4sa5z7gtavefg985183ksc5 | L17: GB-BSR-AMB-30ML-BLK-T-02 | M17: GBBstnAmb1ozBlkDrpShnGl | N17: GBBstnAmb1ozBlkDrpShnGl, GBBstnAmb1ozWhtDropper, GBBstnAmb1ozWhtDropperShnGlTrim, GBBstnAmb1ozWhtDrprShnSlTrim | O17: https://www.bestbottles.com/product/boston-round-design-1-oz-amber-glass-bottle-black-dropper-shiny-silver-trim-cap | P17: No | R17: 5 | S17: 0.72 | T17: 0.87
A18: 17 | B18: Boston Round | C18: 30 | D18: Amber | E18: Metal Roller Ball, Plastic Roller Ball | F18: 20-400 | G18: 30 ml Amber Boston Round Roll-On Bottle | H18: Glass Bottle | I18: Boston Round | J18: boston-round-30ml-amber-20-400-rollon | K18: kh7czj3k0nw98n0ecvtz7pa07h83k4vt | L18: GB-BSR-AMB-30ML-MRL-MBLK | M18: GBBstnAmb1ozMtlRollonMattBlk | N18: GBBstnAmb1ozMtlRollonMattBlk, GBBstnAmb1ozMtlRollonMattGl, GBBstnAmb1ozMtlRollonMattSl, GBBstnAmb1ozMtlRollonShnSl, GBBstnAmb1ozMtlRollonShnBlk, GBBstnAmb1ozRollonMattGl, GBBstnAmb1ozRollonMattBlk, GBBstnAmb1ozRollonMattSl, GBBstnAmb1ozRollonShnSl, GBBstnAmb1ozRollonShnBlk | O18: https://www.bestbottles.com/product/boston-round-design-1-oz-amber-glass-bottle-metal-roller-ball-matte-black-cap | P18: No | R18: 12 | S18: 0.92 | T18: 1.07
A19: 18 | B19: Boston Round | C19: 30 | D19: Clear | E19: Cap/Closure | F19: 20-400 | G19: 30 ml Clear Boston Round Bottle with Cap | H19: Glass Bottle | I19: Boston Round | J19: boston-round-30ml-clear-20-400 | K19: kh7cq9kpdyrwqw8cnevh33743h83jgdt | L19: GB-BSR-CLR-30ML-BLK-S | M19: GBBstn1ozBlkCapSht | N19: GBBstn1ozBlkCapSht | O19: https://www.bestbottles.com/product/boston-round-design-1-oz-clear-glass-bottle-short-black-cap | P19: No | R19: 1 | S19: 0.47 | T19: 0.47
A20: 19 | B20: Boston Round | C20: 30 | D20: Clear | E20: Dropper | F20: 20-400 | G20: 30 ml Clear Boston Round Dropper Bottle | H20: Glass Bottle | I20: Boston Round | J20: boston-round-30ml-clear-20-400-dropper | K20: kh7c6gancdwmyvdh02zzgnqmgh83k6ja | L20: GB-BSR-CLR-30ML-DRP-WHT-T | M20: GBBstn1ozWhtDrp | N20: GBBstn1ozWhtDrp, GBBstn1ozBlkDrpShnGlTrim, GBBstn1ozWhtDrpShnGlTrim, GBBstn1ozWhtDrpShnSlTrim | O20: https://www.bestbottles.com/product/boston-round-design-1-oz-clear-glass-bottle-white-dropper | P20: No | R20: 5 | S20: 0.72 | T20: 0.87
... A24: 23 | B24: Boston Round | C24: 30 | D24: Cobalt Blue | E24: Metal Roller Ball, Plastic Roller Ball | F24: 20-400 | G24: 30 ml Cobalt Blue Boston Round Roll-On Bottle | H24: Glass Bottle | I24: Boston Round | J24: boston-round-30ml-cobalt-blue-20-400-rollon | K24: kh7bah1myb7ep7p6a3waj8vxyx83kdrp | L24: GB-BSR-BLU-30ML-MRO-MSLV | M24: GBBstnBlu1ozMtlRollonMattSl | N24: GBBstnBlu1ozMtlRollonMattSl, GBBstnBlu1ozMtlRollonShnSl, GBBstnBlu1ozMtlRollonMattBlk, GBBstnBlu1ozMtlRollonMattGl, GBBstnBlu1ozRollonMattBlk, GBBstnBlu1ozRollonMattSl, GBBstnBlu1ozRollonShnSl, GBBstnBlu1ozRollonMattGl, GBBstnBlu1ozRollonShnBlk | O24: https://www.bestbottles.com/product/boston-round-design-1-oz-cobalt-blue-glass-bottle-metal-roller-ball-matte-silver-cap | P24: No | R24: 11 | S24: 0.92 | T24: 1.07
A25: 24 | B25: Boston Round | C25: 60 | D25: Amber | E25: Cap/Closure | F25: 20-400 | G25: 60 ml Amber Boston Round Bottle with Cap | H25: Glass Bottle | I25: Boston Round | J25: boston-round-60ml-amber-20-400 | K25: kh73nbkb4nqvvd7ffmffqq75pd83kh73 | P25: No | R25: 1 | S25: 0.5 | T25: 0.5
A26: 25 | B26: Boston Round | C26: 60 | D26: Amber | E26: Dropper | F26: 20-400 | G26: 60 ml Amber Boston Round Dropper Bottle | H26: Glass Bottle | I26: Boston Round | J26: boston-round-60ml-amber-20-400-dropper | K26: kh76pa5emzxqqfze0hhbnqya1n83jn5v | L26: GB-BSR-AMB-60ML-BLK-T-01 | M26: GBBstnAmb2ozBlkDropperShnGlTrim | N26: GBBstnAmb2ozBlkDropperShnGlTrim, GBBstnAmb2ozBlkDrprShnSlTrim, GBBstnAmb2ozWhtDrpr, GBBstnAmb2ozWhtDropperShnGlTrim, GBBstnAmb2ozWhtDropperShnSlTrim | O26: https://www.bestbottles.com/product/boston-round-2-oz-amber-glass-bottle-black-dropper-shiny-gold-trim-cap | P26: No | R26: 6 | S26: 0.75 | T26: 0.9
A27: 26 | B27: Boston Round | C27: 60 | D27: Amber | E27: Metal Roller Ball, Plastic Roller Ball | F27: 20-400 | G27: 60 ml Amber Boston Round Roll-On Bottle | H27: Glass Bottle | I27: Boston Round | J27: boston-round-60ml-amber-20-400-rollon | K27: kh71fh484peh58j1vkkwawrma983kvjf | L27: GB-BSR-AMB-60ML-MRL-MBLK | M27: GBBstnAmb2ozMtlRollonMattBlk | N27: GBBstnAmb2ozMtlRollonMattBlk, GBBstnAmb2ozMtlRollonMattGl, GBBstnAmb2ozMtlRollonMattSl, GBBstnAmb2ozMtlRollonShnSl, GBBstnAmb2ozRollonMattGl, GBBstnAmb2ozRollonMattBlk, GBBstnAmb2ozRollonMattSl, GBBstnAmb2ozRollonShnSl, GBBstnAmb2ozRollonShnBlk | O27: https://www.bestbottles.com/product/boston-round-2-oz-amber-glass-bottle-metal-roller-ball-matte-black-cap | P27: No | R27: 11 | S27: 0.95 | T27: 1.1
A28: 27 | B28: Boston Round | C28: 60 | D28: Clear | E28: Cap/Closure | F28: 20-400 | G28: 60 ml Clear Boston Round Bottle with Cap | H28: Glass Bottle | I28: Boston Round | J28: boston-round-60ml-clear-20-400 | K28: kh7et2z1x51nbad88r7dq7g34x83j59f | L28: GB-BSR-CLR-60ML-BLK-S | M28: GBBstn2ozBlkCapSht | N28: GBBstn2ozBlkCapSht | O28: https://www.bestbottles.com/product/boston-round-2-oz-clear-glass-bottle-short-black-cap | P28: No | R28: 1 | S28: 0.5 | T28: 0.5
A29: 28 | B29: Boston Round | C29: 60 | D29: Clear | E29: Dropper | F29: 20-400 | G29: 60 ml Clear Boston Round Dropper Bottle | H29: Glass Bottle | I29: Boston Round | J29: boston-round-60ml-clear-20-400-dropper | K29: kh749ym1nb1fw06d1cfdv2c9nn83jbqw | L29: GB-BSR-CLR-60ML-WHT-T-01 | M29: GBBstn2ozWhtDrpr | N29: GBBstn2ozWhtDrpr, GBBstn2ozBlkDrprShnGlTrim, GBBstn2ozWhtDrprShnSlTrim, GBBstn2ozBlkDrprShnSlTrim, GBBstn2ozWhtDrprShnGlTrim | O29: https://www.bestbottles.com/product/boston-round-2-oz-clear-glass-bottle-white-dropper | P29: No | R29: 6 | S29: 0.75 | T29: 0.9
A30: 29 | B30: Boston Round | C30: 60 | D30: Clear | E30: Metal Roller Ball, Plastic Roller Ball | F30: 20-400 | G30: 60 ml Clear Boston Round Roll-On Bottle | H30: Glass Bottle | I30: Boston Round | J30: boston-round-60ml-clear-20-400-rollon | K30: kh7er149qmh3htzhyqsc62aajx83jwxb | L30: GB-BSR-CLR-60ML-MRL-SGLD | M30: GBBstn2ozMtlRollGl | N30: GBBstn2ozMtlRollGl, GBBstn2ozMtlRollMattBlk, GBBstn2ozMtlRollMattGl, GBBstn2ozMtlRollMattSl, GBBstn2ozMtlRollShnSl, GBBstn2ozRollShnBlk, GBBstn2ozRollonMattGl, GBBstn2ozRollMattBlk, GBBstn2ozRollMattSl, GBBstn2ozRollShnSl | O30: https://www.bestbottles.com/product/boston-round-2-oz-clear-glass-bottle-metal-roller-ball-shiny-gold-cap | P30: No | R30: 12 | S30: 0.95 | T30: 1.1
A31: 30 | B31: Boston Round | C31: 60 | D31: Cobalt Blue | E31: Cap/Closure | F31: 20-400 | G31: 60 ml Cobalt Blue Boston Round Bottle with Cap | H31: Glass Bottle | I31: Boston Round | J31: boston-round-60ml-cobalt-blue-20-400 | K31: kh78ktkha8ezsg055nsty1c2yh83jm8y | P31: No | R31: 1 | S31: 0.5 | T31: 0.5
A32: 31 | B32: Boston Round | C32: 60 | D32: Cobalt Blue | E32: Dropper | F32: 20-400 | G32: 60 ml Cobalt Blue Boston Round Dropper Bottle | H32: Glass Bottle | I32: Boston Round | J32: boston-round-60ml-cobalt-blue-20-400-dropper | K32: kh79fy1y6vgbzfy81n3ym4d5d183ky22 | L32: GB-BSR-CBL-60ML-BLK-T-02 | M32: GBBstnBlu2ozBlkDropperShnGlTrim | N32: GBBstnBlu2ozBlkDropperShnGlTrim, GBBstnBlu2ozWhtDropper, GBBstnBlu2ozWhtDropperShnGlTrim, GBBstnBlu2ozWhtDropperShnSlTrim | O32: https://www.bestbottles.com/product/boston-round-2-oz-cobalt-blue-glass-bottle-black-dropper-shiny-silver-trim-cap | P32: No | R32: 5 | S32: 0.75 | T32: 0.9
A33: 32 | B33: Boston Round | C33: 60 | D33: Cobalt Blue | E33: Metal Roller Ball, Plastic Roller Ball | F33: 20-400 | G33: 60 ml Cobalt Blue Boston Round Roll-On Bottle | H33: Glass Bottle | I33: Boston Round | J33: boston-round-60ml-cobalt-blue-20-400-rollon | K33: kh77xagzregbgtaj03zsj6p8as83jr05 | L33: GB-BSR-BLU-60ML-MRO-MBLK | M33: GBBstnBlu2ozMtlRollonMattBlk | N33: GBBstnBlu2ozMtlRollonMattBlk, GBBstnBlu2ozMtlRollonMattGl, GBBstnBlu2ozMtlRollonMattSl, GBBstnBlu2ozMtlRollonShnSl, GBBstnBlu2ozRollonMattGl, GBBstnBlu2ozRollonMattBlk, GBBstnBlu2ozRollonMattSl, GBBstnBlu2ozRollonShnSl, GBBstnBlu2ozRollonShnBlk | O33: https://www.bestbottles.com/product/boston-round-2-oz-cobalt-blue-glass-bottle-metal-roller-ball-matte-black-cap | P33: No | R33: 11 | S33: 0.95 | T33: 1.1
A34: 33 | B34: Circle | C34: 15 | D34: Clear | E34: Cap/Closure | F34: 13-415 | G34: 15 ml Clear Circle Bottle with Cap | H34: Glass Bottle | I34: Circle | J34: circle-15ml-clear-13-415 | K34: kh79714cytrh3ycr5jdx5ca9yn83kssb | L34: GB-CIR-CLR-15ML-GLD-T | M34: GBCrcl15Gl | N34: GBCrcl15Gl, GBCrcl15Sl, GBCrcl15WhtSht, GBCrcl15BlkSht | O34: https://www.bestbottles.com/product/circle-design-15-ml-bottle-shiny-gold-cap | P34: No | R34: 4 | S34: 0.44 | T34: 0.62
A35: 34 | B35: Circle | C35: 15 | D35: Clear | E35: Fine Mist Sprayer | F35: 13-415 | G35: 15 ml Clear Circle Fine Mist Spray Bottle | H35: Glass Bottle | I35: Circle | J35: circle-15ml-clear-13-415-finemist | K35: kh7f52btez6qp6mvrk0x52vgnd83kp84 | L35: GB-CIR-CLR-15ML-SPR-MBLK | M35: GBCrcl15SpryBlkMatt | N35: GBCrcl15SpryBlkMatt | O35: https://www.bestbottles.com/product/circle-design-15-ml-bottle-matte-black-spray | P35: No | R35: 8 | S35: 0.97 | T35: 0.97
A36: 35 | B36: Circle | C36: 15 | D36: Clear | E36: Plastic Roller Ball | F36: 13-415 | G36: 15 ml Clear Circle Roll-On Bottle | H36: Glass Bottle | I36: Circle | J36: circle-15ml-clear-13-415-rollon | K36: kh7714036h7avy03vwfhfdz27x83k3aj | L36: GB-CIR-CLR-15ML-ROL-SBLK | M36: GBCrcl15RollBlkSh | N36: GBCrcl15RollBlkSh, GBCrcl15RollCuMatt, GBCrcl15RollGlMatt, GBCrcl15RollGlSh, GBCrcl15RollPinkDot, GBCrcl15RollSlDot, GBCrcl15RollSlMatt, GBCrcl15RollSlSh, GBCrcl15RollBlkDot | O36: https://www.bestbottles.com/product/circle-design-15-ml-bottle-plastic-roller-ball-plug-black-shiny-cap | P36: No | R36: 18 | S36: 0.74 | T36: 0.89
A37: 36 | B37: Circle | C37: 30 | D37: Clear | E37: Cap/Closure | F37: 15-415 | G37: 30 ml Clear Circle Bottle with Cap | H37: Glass Bottle | I37: Circle | J37: circle-30ml-clear-15-415 | K37: kh79ct48bayjn5660asde3h0cn83kcpe | L37: GB-CIR-CLR-30ML-GLD-T | M37: GBCrcl30GlCap | N37: GBCrcl30GlCap, GBCrcl30SlCap | O37: https://www.bestbottles.com/product/circle-design-30-ml-clear-glass-bottle-shiny-gold-cap | P37: No | R37: 2 | S37: 1.4 | T37: 1.4
A38: 37 | B38: Circle | C38: 30 | D38: Clear | E38: Perfume Spray Pump | F38: 15-415 | G38: 30 ml Clear Circle Bottle | H38: Glass Bottle | I38: Circle | J38: circle-30ml-clear-15-415-perfumespray | K38: kh79jg7f379p1htf0f50eha17n83jd0k | L38: GB-CIR-BLK-30ML-SPR-BLK | M38: GBCrcl30SpryBlk | N38: GBCrcl30SpryBlk | O38: https://www.bestbottles.com/product/circle-design-30-ml-clear-glass-bottle-sprayer-black-cap | P38: No | R38: 5 | S38: 2.25 | T38: 2.25
A39: 38 | B39: Circle | C39: 50 | D39: Clear | E39: Dropper | F39: 18-415 | G39: 50 ml Clear Circle Dropper Bottle | H39: Glass Bottle | I39: Circle | J39: circle-50ml-clear-18-415-dropper | K39: kh78db9xnh6bxrcqdwqhphrrqn83ksp4 | L39: GB-CIR-CLR-50ML-DRP-SLV | M39: GBCrcl50DrpSl | N39: GBCrcl50DrpSl, GBCrcl50DrpGl | O39: https://www.bestbottles.com/product/circle-design-50-ml-glass-bottle-white-dropper-shiny-silver-collar-cap | P39: No | R39: 3 | S39: 1.75 | T39: 1.75
A40: 39 | B40: Circle | C40: 50 | D40: Clear | E40: Lotion Pump | F40: 18-415 | G40: 50 ml Clear Circle Lotion Pump Bottle | H40: Glass Bottle | I40: Circle | J40: circle-50ml-clear-18-415-lotionpump | K40: kh72hg7gastpgkf0vvydef5d6d83jy3a | P40: No | R40: 7 | S40: 2.6 | T40: 2.6
A41: 40 | B41: Circle | C41: 50 | D41: Clear | E41: Perfume Spray Pump | F41: 18-415 | G41: 50 ml Clear Circle Bottle | H41: Glass Bottle | I41: Circle | J41: circle-50ml-clear-18-415-perfumespray | K41: kh7ewg149nvqray49hew2agw7583kqar | L41: GB-CIR-CLR-50ML-SPR-MSLV | M41: GBCrcl50SpryMtSl | N41: GBCrcl50SpryMtSl, GBCrcl50SpryMtGl, GBCrcl50SpryShnGl, GBCrcl50SpryShnBlk, GBCrcl50SpryShnSl, GBCrcl50SpryCu | O41: https://www.bestbottles.com/product/circle-design-50-ml-glass-bottle-matte-silver-spray-pump-and-cap | P41: No | R41: 6 | S41: 2.6 | T41: 2.6
A42: 41 | B42: Circle | C42: 50 | D42: Clear | E42: Reducer | F42: 18-415 | G42: 50 ml Clear Circle Reducer Bottle | H42: Glass Bottle | I42: Circle | J42: circle-50ml-clear-18-415-reducer | K42: kh73rpr9my9dy8n9jdjrq1bbyn83jqm0 | L42: GB-CIR-CLR-50ML-RDC-BKLT | M42: GBCrcl50RdcrBlkLthr | N42: GBCrcl50RdcrBlkLthr | O42: https://www.bestbottles.com/product/circle-design-50-ml-glass-bottle-reducer-black-faux-leather-cap | P42: No | R42: 12 | S42: 1.57 | T42: 1.85
A43: 42 | B43: Circle | C43: 50 | D43: Clear | E43: Vintage Bulb Sprayer | F43: 18-415 | G43: 50 ml Clear Circle Vintage Bulb Spray Bottle | H43: Glass Bottle | I43: Circle | J43: circle-50ml-clear-18-415-antiquespray | K43: kh7e58z20zqh04nzyeg5vqgn1h83k856 | L43: GB-CIR-CLR-50ML-ASP-BLK | M43: GBCrcl50AnSpBlk | N43: GBCrcl50AnSpBlk | O43: https://www.bestbottles.com/product/circle-design-50-ml-glass-bottle-black-vintage-style-bulb-sprayer-shiny-silver-collar-cap | P43: No | R43: 11 | S43: 5.45 | T43: 6.2
A44: 43 | B44: Circle | C44: 50 | D44: Clear | E44: Vintage Bulb Sprayer with Tassel | F44: 18-415 | G44: 50 ml Clear Circle Vintage Bulb Spray Bottle with Tassel | H44: Glass Bottle | I44: Circle | J44: circle-50ml-clear-18-415-antiquespray-tassel | K44: kh7ccreytn0fwn4834v1a1yam183jf78 | L44: GB-CIR-CLR-50ML-AST-BLK | M44: GBCrcl50AnSpTslBlk | N44: GBCrcl50AnSpTslBlk | O44: https://www.bestbottles.com/product/circle-design-50-ml-glass-bottle-black-vintage-style-sprayer-with-tassel-shiny-silver-collar | P44: No | R44: 7 | S44: 6.2 | T44: 6.2
A45: 44 | B45: Circle | C45: 50 | D45: Frosted | E45: Dropper | F45: 18-415 | G45: 50 ml Frosted Circle Dropper Bottle | H45: Glass Bottle | I45: Circle | J45: circle-50ml-frosted-18-415-dropper | K45: kh7f30s1151he5tf8nvpe7pnqh83k8xy | L45: GB-CIR-FRS-50ML-DRP-SLV | M45: GBCrclFrst50DrpSl | N45: GBCrclFrst50DrpSl, GBCrclFrst50DrpGl | O45: https://www.bestbottles.com/product/circle-design-50-ml-frosted-glass-bottle-white-dropper-shiny-silver-collar-cap | P45: No | R45: 3 | S45: 2.25 | T45: 2.25
A46: 45 | B46: Circle | C46: 50 | D46: Frosted | E46: Lotion Pump | F46: 18-415 | G46: 50 ml Frosted Circle Lotion Pump Bottle | H46: Glass Bottle | I46: Circle | J46: circle-50ml-frosted-18-415-lotionpump | K46: kh7a7qvky9zv9sty0yem2w3sv183jy3x | P46: No | R46: 7 | S46: 2.8 | T46: 2.8
A47: 46 | B47: Circle | C47: 50 | D47: Frosted | E47: Perfume Spray Pump | F47: 18-415 | G47: 50 ml Frosted Circle Bottle | H47: Glass Bottle | I47: Circle | J47: circle-50ml-frosted-18-415-perfumespray | K47: kh78rxvfekx40khg7xwrd8c6fn83kwr1 | L47: GB-CIR-FRS-50ML-SPR-MGLD | M47: GBCrclFrst50SpryMtGl | N47: GBCrclFrst50SpryMtGl, GBCrclFrst50SpryShnGl, GBCrclFrst50SpryShnBlk, GBCrclFrst50SpryMtSl, GBCrclFrst50SpryShnSl, GBCrclFrst50SpryCu | O47: https://www.bestbottles.com/product/circle-design-50-ml-frosted-glass-bottle-matte-gold-spray-pump-and-cap | P47: No | R47: 6 | S47: 3.1 | T47: 3.1
A48: 47 | B48: Circle | C48: 50 | D48: Frosted | E48: Reducer | F48: 18-415 | G48: 50 ml Frosted Circle Reducer Bottle | H48: Glass Bottle | I48: Circle | J48: circle-50ml-frosted-18-415-reducer | K48: kh71ne6jw1sxasb5gr2277svy983k0j8 | L48: GB-CIR-FRS-50ML-RDC-BLK | M48: GBCrclFrst50RdcrBlkLthr | N48: GBCrclFrst50RdcrBlkLthr | O48: https://www.bestbottles.com/product/circle-design-50-ml-frosted-glass-bottle-reducer-black-faux-leather-cap | P48: No | R48: 10 | S48: 2.07 | T48: 2.35
A49: 48 | B49: Circle | C49: 50 | D49: Frosted | E49: Reducer | F49: 18-400 | G49: 50 ml Frosted Circle Reducer Bottle | H49: Glass Bottle | I49: Circle | J49: circle-50ml-frosted-18-400-reducer | K49: kh70dqw72et5h5gzqck2xrtjqs83kdev | P49: No | R49: 1 | S49: 2.35 | T49: 2.35
A50: 49 | B50: Circle | C50: 50 | D50: Frosted | E50: Vintage Bulb Sprayer | F50: 18-415 | G50: 50 ml Frosted Circle Vintage Bulb Spray Bottle | H50: Glass Bottle | I50: Circle | J50: circle-50ml-frosted-18-415-antiquespray | K50: kh77rve0mpcjnh2brq04662ewd83k94v | L50: GB-CIR-FRS-50ML-ASP-BLK | M50: GBCrclFrst50AnSpBlk | N50: GBCrclFrst50AnSpBlk, GBCrclFrst50AnSpTslBlk | O50: https://www.bestbottles.com/product/circle-design-50-ml-frosted-glass-bottle-black-vintage-style-bulb-sprayer-shiny-silver-collar-cap | P50: No | R50: 18 | S50: 5.95 | T50: 6.7
A51: 50 | B51: Circle | C51: 100 | D51: Clear | E51: Lotion Pump | F51: 18-415 | G51: 100 ml Clear Circle Lotion Pump Bottle | H51: Glass Bottle | I51: Circle | J51: circle-100ml-clear-18-415-lotionpump | K51: kh77b97zrmx6rxnzp32j65rr3983j333 | L51: LB-CIR-CLR-100ML-LPM-COCP | M51: LBCrcl100LtnClOvrCap | N51: LBCrcl100LtnClOvrCap | O51: https://www.bestbottles.com/product/circle-design-100-ml-glass-bottle-clear-over-the-cap-lotion-pump-matte-silver-collar-cap | P51: No | R51: 7 | S51: 3.05 | T51: 3.05
A52: 51 | B52: Circle | C52: 100 | D52: Clear | E52: Perfume Spray Pump | F52: 18-415 | G52: 100 ml Clear Circle Bottle | H52: Glass Bottle | I52: Circle | J52: circle-100ml-clear-18-415-perfumespray | K52: kh792dysy50xqhkcpamhfby00x83jews | L52: GB-CIR-CLR-100ML-SPR-CPR | M52: GBCrcl100SpryCu | N52: GBCrcl100SpryCu, GBCrcl100SpryMtGl, GBCrcl100SpryShnGl, GBCrcl100SpryShnBlk, GBCrcl100SpryMtSl, GBCrcl100SpryShnSl | O52: https://www.bestbottles.com/product/circle-design-100-ml-glass-bottle-matte-copper-spray-and-cap | P52: No | R52: 6 | S52: 3.05 | T52: 3.05
A53: 52 | B53: Circle | C53: 100 | D53: Clear | E53: Reducer | F53: 18-415 | G53: 100 ml Clear Circle Reducer Bottle | H53: Glass Bottle | I53: Circle | J53: circle-100ml-clear-18-415-reducer | K53: kh741zv7sp0q3nry2g2gm6se7183jw9w | L53: GB-CIR-CLR-100ML-RDC-PNK | M53: GBCrcl100RdcrPnkLthr | N53: GBCrcl100RdcrPnkLthr, GBCrcl100RdcrShnGl, GBCrcl100RdcrShnBlkTall, GBCrcl100RdcrShnBlk, GBCrcl100RdcrBrwnLthr, GBCrcl100RdcrLBrwnLthr, GBCrcl100RdcrShnSl, GBCrcl100RdcrMtSlTall, GBCrcl100RdcrMtSl, GBCrcl100RdcrWht, GBCrcl100RdcrIvyLthr, GBCrcl100RdcrBlkLthr | O53: https://www.bestbottles.com/product/circle-design-100-ml-glass-bottle-reducer-pink-faux-leather-cap | P53: No | R53: 12 | S53: 2.02 | T53: 2.3
A54: 53 | B54: Circle | C54: 100 | D54: Clear | E54: Vintage Bulb Sprayer | F54: 18-415 | G54: 100 ml Clear Circle Vintage Bulb Spray Bottle | H54: Glass Bottle | I54: Circle | J54: circle-100ml-clear-18-415-antiquespray | K54: kh71fgjfw691ww96ky23bs4w6d83kknx | L54: GB-CIR-CLR-100ML-ASP-BLK | M54: GBCrcl100AnSpBlk | N54: GBCrcl100AnSpBlk, GBCrcl100AnSpGl, GBCrcl100AnSpLvn, GBCrcl100AnSpIvySl, GBCrcl100AnSpRed, GBCrcl100AnSpMtSl, GBCrcl100AnSpIvyGl, GBCrcl100AnSpWht, GBCrcl100AnSpPnk | O54: https://www.bestbottles.com/product/circle-design-100-ml-glass-bottle-black-vintage-style-bulb-sprayer-shiny-silver-collar-cap | P54: No | R54: 9 | S54: 5.9 | T54: 5.9
A55: 54 | B55: Circle | C55: 100 | D55: Clear | E55: Vintage Bulb Sprayer with Tassel | F55: 18-415 | G55: 100 ml Clear Circle Vintage Bulb Spray Bottle with Tassel | H55: Glass Bottle | I55: Circle | J55: circle-100ml-clear-18-415-antiquespray-tassel | K55: kh7axaf9cp8xw1ytdm9xg85sp183jjbw | L55: GB-CIR-CLR-100ML-AST-BLK | M55: GBCrcl100AnSpTslBlk | N55: GBCrcl100AnSpTslBlk, GBCrcl100AnSpTslGl, GBCrcl100AnSpTslIvyGl, GBCrcl100AnSpTslLvn, GBCrcl100AnSpTslPnk, GBCrcl100AnSpTslIvySl, GBCrcl100AnSpTslRed, GBCrcl100AnSpTslWht, GBCrcl100AnSpTslMtSl | O55: https://www.bestbottles.com/product/circle-design-100-ml-glass-bottle-black-vintage-style-sprayer-with-tassel-shiny-silver-collar | P55: No | R55: 9 | S55: 6.65 | T55: 6.65
A56: 55 | B56: Circle | C56: 100 | D56: Frosted | E56: Lotion Pump | F56: 18-415 | G56: 100 ml Frosted Circle Lotion Pump Bottle | H56: Glass Bottle | I56: Circle | J56: circle-100ml-frosted-18-415-lotionpump | K56: kh7d5427c8pnrethv8qaapgpzs83kbn6 | L56: LB-CIR-FRS-100ML-LPM-COCP | M56: LBCrclFrst100LtnClOvrCap | N56: LBCrclFrst100LtnClOvrCap | O56: https://www.bestbottles.com/product/circle-design-100-ml-frosted-glass-bottle-clear-over-the-cap-lotion-pump-matte-silver-collar-cap | P56: No | R56: 7 | S56: 3.55 | T56: 3.55
A57: 56 | B57: Circle | C57: 100 | D57: Frosted | E57: Perfume Spray Pump | F57: 18-415 | G57: 100 ml Frosted Circle Bottle | H57: Glass Bottle | I57: Circle | J57: circle-100ml-frosted-18-415-perfumespray | K57: kh71ed5k19svxbv717qj3qwknx83kz0n | L57: GB-CIR-FRS-100ML-SPR-CPR | M57: GBCrclFrst100SpryCu | N57: GBCrclFrst100SpryCu, GBCrclFrst100SpryMtGl, GBCrclFrst100SpryShnGl, GBCrclFrst100SpryShnBlk, GBCrclFrst100SpryMtSl, GBCrclFrst100SpryShnSl | O57: https://www.bestbottles.com/product/circle-design-100-ml-frosted-glass-bottle-matte-copper-spray-and-cap | P57: No | R57: 6 | S57: 3.55 | T57: 3.55
A58: 57 | B58: Circle | C58: 100 | D58: Frosted | E58: Reducer | F58: 18-415 | G58: 100 ml Frosted Circle Reducer Bottle | H58: Glass Bottle | I58: Circle | J58: circle-100ml-frosted-18-415-reducer | K58: kh7686a0892wjs2y1wzd99sceh83kagp | L58: GB-CIR-FRS-100ML-RDC-SSLV | M58: GBCrclFrst100RdcrShnSl | N58: GBCrclFrst100RdcrShnSl, GBCrclFrst100RdcrShnGl, GBCrclFrst100RdcrIvyLthr, GBCrclFrst100RdcrPnkLthr, GBCrclFrst100RdcrShnBlkTall, GBCrclFrst100RdcrShnBlk, GBCrclFrst100RdcrBrwnLthr, GBCrclFrst100RdcrLBrwnLthr, GBCrclFrst100RdcrMtSlTall, GBCrclFrst100RdcrMtSl, GBCrclFrst100RdcrWht, GBCrclFrst100RdcrBlkLthr | O58: https://www.bestbottles.com/product/circle-design-100-ml-frosted-glass-bottle-reducer-shiny-silver-cap | P58: No | R58: 12 | S58: 2.52 | T58: 2.8
A59: 58 | B59: Circle | C59: 100 | D59: Frosted | E59: Vintage Bulb Sprayer | F59: 18-415 | G59: 100 ml Frosted Circle Vintage Bulb Spray Bottle | H59: Glass Bottle | I59: Circle | J59: circle-100ml-frosted-18-415-antiquespray | K59: kh72d8bm4pvmzcdrgk6ya354nn83knae | L59: GB-CIR-FRS-100ML-ASP-BLK | M59: GBCrclFrst100AnSpBlk | N59: GBCrclFrst100AnSpBlk, GBCrclFrst100AnSpTslBlk, GBCrclFrst100AnSpGl, GBCrclFrst100AnSpIvyGl, GBCrclFrst100AnSpLvn | O59: https://www.bestbottles.com/product/circle-design-100-ml-frosted-glass-bottle-black-vintage-style-bulb-sprayer-shiny-silver-collar-cap | P59: No | R59: 15 | S59: 6.4 | T59: 7.15
A60: 59 | B60: Circle | C60: 100 | D60: Frosted | E60: Vintage Bulb Sprayer with Tassel | F60: 18-415 | G60: 100 ml Frosted Circle Vintage Bulb Spray Bottle with Tassel | H60: Glass Bottle | I60: Circle | J60: circle-100ml-frosted-18-415-antiquespray-tassel | K60: kh7bqcwcscg0b9tyw0dx5xwt1983kjng | P60: No | R60: 3 | S60: 7.15 | T60: 7.15
A61: 60 | B61: Cylinder | C61: 3 | D61: Clear | E61: Fine Mist Sprayer | F61: 12mm | G61: 3 ml Clear Cylinder Fine Mist Spray Bottle | H61: Glass Bottle | I61: Spray Bottle | J61: cylinder-3ml-clear-12mm-finemist | K61: kh7ayajaxscgv7jjakdg3r9ahx83k95d | L61: GB-SPR-CLR-3ML-BLK | M61: GBSpry3mlClBlk | N61: GBSpry3mlClBlk, GBSpry3mlClWht | O61: https://www.bestbottles.com/product/Sample-Promotional-Decant-Spray-clear-glass-vial-Black-Sprayer-3ml | P61: Yes | Q61: https://cdn.sanity.io/images/gh97irjh/production/a73889045844543da5c4c7f897dff68cf858b17a-928x1152.jpg | R61: 2 | S61: 0.37 | T61: 0.37
A62: 61 | B62: Cylinder | C62: 4 | D62: Clear | E62: Fine Mist Sprayer | F62: 12mm | G62: 4 ml Clear Cylinder Fine Mist Spray Bottle | H62: Glass Bottle | I62: Spray Bottle | J62: cylinder-4ml-clear-12mm-finemist | K62: kh78tsaqtswaqy1vjjd3dzcx6n83j6sm | L62: GB-SPR-CLR-4ML-BLK | M62: GBSpry4mlClBlk | N62: GBSpry4mlClBlk, GBSpry4mlClWh | O62: https://www.bestbottles.com/product/Sample-Promotional-Decant-Spray-clear-glass-vial-Black-Sprayer-4ml | P62: Yes | Q62: https://cdn.sanity.io/images/gh97irjh/production/3b26e63b92a30e6132b7480b037fe948e0f1996a-928x1152.jpg | R62: 2 | S62: 0.39 | T62: 0.39
A63: 62 | B63: Cylinder | C63: 5 | D63: Clear | E63: Cap/Closure | F63: 13-415 | G63: 5 ml Clear Cylinder Bottle with Cap | H63: Glass Bottle | I63: Cylinder | J63: cylinder-5ml-clear-13-415 | K63: kh73xt9vm0decgq6zq8392fekh83kcdd | L63: GB-CYL-CLR-5ML-SLV-T | M63: GBCyl5Sl | N63: GBCyl5Sl, GBCyl5Gl | O63: https://www.bestbottles.com/product/cylinder-design-5-ml-glass-bottle-shiny-silver-cap | P63: Yes | Q63: https://cdn.sanity.io/images/gh97irjh/production/d2cf82e90e7f182dc41a3baf4969c73d2887bd05-928x1152.jpg | R63: 3 | S63: 0.31 | T63: 0.49
A64: 63 | B64: Cylinder | C64: 5 | D64: Clear | E64: Fine Mist Sprayer | F64: 13-415 | G64: 5 ml Clear Cylinder Fine Mist Spray Bottle | H64: Glass Bottle | I64: Cylinder | J64: cylinder-5ml-clear-13-415-finemist | K64: kh7a6sws90b56m15b7mzdc9d4x83jyed | L64: GB-CYL-CLR-5ML-SPR-MBLK | M64: GBCyl5SpryBlkMatt | N64: GBCyl5SpryBlkMatt, GBCyl5SprySlMatt, GBCyl5SpryBlkSh, GBCyl5SpryGlSh, GBCyl5SprySlSh, GBCyl5SpryBluMatt, GBCyl5SpryCuMatt, GBCyl5SpryGlMatt | O64: https://www.bestbottles.com/product/cylinder-design-5-ml-glass-bottle-matte-black-spray | P64: Yes | Q64: https://cdn.sanity.io/images/gh97irjh/production/dd49badea1ff0df0dd630954d1a5e4850608e9d2-928x1152.jpg | R64: 8 | S64: 0.76 | T64: 0.76 | U64: Ready | V64: Pending | W64: Pending | X64: Prompt #1 in Prompt Log sheet. Cap-off, cream bg, stone pedestal.
A65: 64 | B65: Cylinder | C65: 5 | D65: Clear | E65: Metal Roller Ball, Plastic Roller Ball | F65: 13-415 | G65: 5 ml Clear Cylinder Roll-On Bottle | H65: Glass Bottle | I65: Cylinder | J65: cylinder-5ml-clear-13-415-rollon | K65: kh72y040t36p4phw9zkreayxcx83krv4 | L65: GB-CYL-CLR-5ML-MRL-SBLK | M65: GBCyl5MtlRollBlkSh | N65: GBCyl5MtlRollBlkSh, GBCyl5MtlRollCuMatt, GBCyl5MtlRollGlMatt, GBCyl5MtlRollGlSh, GBCyl5MtlRollPinkDot, GBCyl5MtlRollSlDot, GBCyl5MtlRollSlMatt, GBCyl5MtlRollSlSh, GBCyl5RollBlkDot, GBCyl5RollSlSh, GBCyl5RollBlkSh | O65: https://www.bestbottles.com/product/cylinder-design-5-ml-glass-bottle-metal-roller-ball-plug-black-shiny-cap | P65: Yes | Q65: https://cdn.sanity.io/images/gh97irjh/production/1da96c2a3c3ae3a76831bc5c6cd560b2b10ef5eb-4044x4508.jpg | R65: 18 | S65: 0.53 | T65: 0.68
A66: 65 | B66: Cylinder | C66: 5 | D66: Cobalt Blue | E66: Cap/Closure | F66: 13-415 | G66: 5 ml Cobalt Blue Cylinder Bottle with Cap | H66: Glass Bottle | I66: Cylinder | J66: cylinder-5ml-cobalt-blue-13-415 | K66: kh7bj585kprbq2abezyppvzdas83kctn | L66: GB-CYL-BLU-5ML-SLV-T | M66: GBCylBlu5Sl | N66: GBCylBlu5Sl, GBCylBlu5WhtSht, GBCylBlu5Gl | O66: https://www.bestbottles.com/product/cylinder-design-5-ml-blue-glass-bottle-shiny-silver-cap | P66: Yes | Q66: https://cdn.sanity.io/images/gh97irjh/production/ea287369b0801a3da0b863d0836998cd0c00549a-928x1152.jpg | R66: 5 | S66: 0.39 | T66: 0.52
A67: 66 | B67: Cylinder | C67: 5 | D67: Cobalt Blue | E67: Fine Mist Sprayer | F67: 13-415 | G67: 5 ml Cobalt Blue Cylinder Fine Mist Spray Bottle | H67: Glass Bottle | I67: Cylinder | J67: cylinder-5ml-cobalt-blue-13-415-finemist | K67: kh76s7q1kyc9bx5j1sty4btby583k84c | L67: GB-CYL-BLU-5ML-SPR-SSLV | M67: GBCylBlu5SprySlSh | N67: GBCylBlu5SprySlSh, GBCylBlu5SpryBlkSh, GBCylBlu5SpryGlSh, GBCylBlu5SpryGlMatt, GBCylBlu5SpryBluMatt, GBCylBlu5SpryCuMatt, GBCylBlu5SprySlMatt | O67: https://www.bestbottles.com/product/cylinder-design-5-ml-blue-glass-bottle-shiny-silver-spray | P67: Yes | Q67: https://cdn.sanity.io/images/gh97irjh/production/c3a972a80e2fb8aa4d5e703e5356f6c28f5db980-928x1152.jpg | R67: 7 | S67: 0.87 | T67: 0.87 | U67: Ready | V67: Pending | W67: Pending | X67: Prompt #2 in Prompt Log sheet. Cap-off, cream bg, stone pedestal.
A68: 67 | B68: Cylinder | C68: 5 | D68: Cobalt Blue | E68: Metal Roller Ball | F68: 13-415 | G68: 5 ml Cobalt Blue Cylinder Roll-On Bottle | H68: Glass Bottle | I68: Cylinder | J68: cylinder-5ml-cobalt-blue-13-415-rollon | K68: kh7cj1n5s02hty4cb3fg9mptbn83j6dr | L68: GB-CYL-BLU-5ML-MRL-SBLK | M68: GBCylBlu5MtlRollBlkSh | N68: GBCylBlu5MtlRollBlkSh, GBCylBlu5MtlRollCuMatt, GBCylBlu5MtlRollGlMatt, GBCylBlu5MtlRollGlSh, GBCylBlu5MtlRollPinkDot, GBCylBlu5MtlRollSlDot, GBCylBlu5MtlRollSlMatt, GBCylBlu5MtlRollSlSh | O68: https://www.bestbottles.com/product/cylinder-design-5-ml-blue-glass-bottle-metal-roller-ball-plug-black-shiny-cap | P68: Yes | Q68: https://cdn.sanity.io/images/gh97irjh/production/270950426b44e66044c561b1b4cbf31e72b75852-4097x4508.jpg | R68: 18 | S68: 0.64 | T68: 0.72
A69: 68 | B69: Cylinder | C69: 9 | D69: Amber | E69: Fine Mist Sprayer | F69: 17-415 | G69: 9 ml Amber Cylinder Fine Mist Spray Bottle | H69: Glass Bottle | I69: Cylinder | J69: cylinder-9ml-amber-17-415-finemist | K69: kh7a84fkz52557wy8j3f9tyv2983jzb2 | L69: GB-CYL-AMB-9ML-SPR-BLK | M69: GBCylAmb9SpryBlk | N69: GBCylAmb9SpryBlk | O69: https://www.bestbottles.com/product/cylinder-design-9-ml-amber-glass-bottle-sprayer-black-trim-and-cap | P69: Yes | Q69: https://cdn.sanity.io/images/gh97irjh/production/f7323a6bcdee22fca80eb7fe8c2c1fc48443f87e-928x1152.jpg | R69: 6 | S69: 0.9 | T69: 0.9
A70: 69 | B70: Cylinder | C70: 9 | D70: Amber | E70: Lotion Pump | F70: 17-415 | G70: 9 ml Amber Cylinder Lotion Pump Bottle | H70: Glass Bottle | I70: Cylinder | J70: cylinder-9ml-amber-17-415-lotionpump | K70: kh7fqhp9b9qgbea83hj1mfesj183j343 | L70: LB-CYL-AMB-9ML-LPM-GLD | M70: LBCylAmb9LtnGl | N70: LBCylAmb9LtnGl, LBCylAmb9LtnMtSl | O70: https://www.bestbottles.com/product/cylinder-design-9-ml-amber-glass-bottle-lotion-pump-gold-trim-and-cap | P70: Yes | Q70: https://cdn.sanity.io/images/gh97irjh/production/b7d423a8fc4d707b7885deac8062be219b13490b-928x1152.jpg | R70: 3 | S70: 0.88 | T70: 0.88
A71: 70 | B71: Cylinder | C71: 9 | D71: Amber | E71: Metal Roller Ball | F71: 17-415 | G71: 9 ml Amber Cylinder Roll-On Bottle | H71: Glass Bottle | I71: Cylinder | J71: cylinder-9ml-amber-17-415-rollon | K71: kh771qba96h5kj4qabn8z3nt1d83ktrw | P71: Yes | Q71: https://cdn.sanity.io/images/gh97irjh/production/67b939ad6fa20320e90f0b3838792124705ccc3b-4297x4297.jpg | R71: 20 | S71: 0.57 | T71: 0.82
A72: 71 | B72: Cylinder | C72: 9 | D72: Clear | E72: Cap/Closure | F72: 13-415 | G72: 9 ml Clear Cylinder Bottle with Cap | H72: Glass Bottle | I72: Cylinder | J72: cylinder-9ml-clear-13-415 | K72: kh76yv8qyzbr2dw50svc1gsyy583k7rn | L72: GB-CYL-CLR-9ML-GLD-T | M72: GBTallCyl9Gl | N72: GBTallCyl9Gl, GBTallCyl9Sl | O72: https://www.bestbottles.com/product/tall-cylinder-design-9-ml-glass-bottle-shiny-gold-cap | P72: Yes | Q72: https://cdn.sanity.io/images/gh97irjh/production/5fefa60174c6e64ab8ac00e4fb7c6aaabdf57c91-2000x2200.png | R72: 3 | S72: 0.67 | T72: 0.85
A73: 72 | B73: Cylinder | C73: 9 | D73: Clear | E73: Cap/Closure | F73: 18-400 | G73: 9 ml Clear Cylinder Applicator Bottle | H73: Glass Bottle | I73: Cylinder | J73: cylinder-9ml-clear-18-400-glasswand | K73: kh7bqnwvs8t6dgppz0ysbze14n83jj9x | P73: Yes | Q73: https://cdn.sanity.io/images/gh97irjh/production/679c575ce63fd443e3afc571349c5ff93071b0c4-4044x4508.jpg | R73: 1 | S73: 0.46 | T73: 0.46
A74: 73 | B74: Cylinder | C74: 9 | D74: Clear | E74: Cap/Closure | F74: 18-400 | G74: 9 ml Clear Cylinder Bottle with Cap | H74: Glass Bottle | I74: Cylinder | J74: cylinder-9ml-clear-18-400 | K74: kh730x887x2awymn2acrmmm74h83k4j5 | P74: Yes | Q74: https://cdn.sanity.io/images/gh97irjh/production/bdbc6b9d5a7e5399d600dc475d45f4ebee89c493-4044x4508.jpg | R74: 1 | S74: 0.4 | T74: 0.4
A75: 74 | B75: Cylinder | C75: 9 | D75: Clear | E75: Fine Mist Sprayer | F75: 17-415 | G75: 9 ml Clear Cylinder Fine Mist Spray Bottle | H75: Glass Bottle | I75: Cylinder | J75: cylinder-9ml-clear-17-415-finemist | K75: kh7dgg57vqqvc7wj2ew75ba3bd83kve2 | L75: GB-CYL-CLR-9ML-T-21 | M75: GBCyl9SpryBlk | N75: GBCyl9SpryBlk | O75: https://www.bestbottles.com/product/cylinder-design-9-ml-clear-glass-bottle-sprayer-black-trim-and-cap | P75: Yes | Q75: https://cdn.sanity.io/images/gh97irjh/production/d53c8240a619d5c8dc4dfccfc908051ab7333c4f-928x1152.jpg | R75: 6 | S75: 0.88 | T75: 0.88
A76: 75 | B76: Cylinder | C76: 9 | D76: Clear | E76: Fine Mist Sprayer | F76: 13-415 | G76: 9 ml Clear Cylinder Fine Mist Spray Bottle | H76: Glass Bottle | I76: Cylinder | J76: cylinder-9ml-clear-13-415-finemist | K76: kh75e610bq9vhdgxjgt5dhtak583k193 | L76: GB-CYL-CLR-9ML-SPR-MBLK | M76: GBTallCyl9SpryBlkMatt | N76: GBTallCyl9SpryBlkMatt | O76: https://www.bestbottles.com/product/tall-cylinder-design-9-ml-glass-bottle-matte-black-spray | P76: Yes | Q76: https://cdn.sanity.io/images/gh97irjh/production/5fefa60174c6e64ab8ac00e4fb7c6aaabdf57c91-2000x2200.png | R76: 8 | S76: 1.2 | T76: 1.2
A77: 76 | B77: Cylinder | C77: 9 | D77: Clear | E77: Lotion Pump | F77: 17-415 | G77: 9 ml Clear Cylinder Lotion Pump Bottle | H77: Glass Bottle | I77: Cylinder | J77: cylinder-9ml-clear-17-415-lotionpump | K77: kh78q1vmcwf4qgjbsy163ef71s83jdnj | L77: LB-CYL-CLR-9ML-T-03 | M77: LBCyl9LtnMtSl | N77: LBCyl9LtnMtSl, LBCyl9LtnGl | O77: https://www.bestbottles.com/product/cylinder-design-9-ml-clear-glass-bottle-lotion-pump-matte-silver-trim-cap | P77: Yes | Q77: https://cdn.sanity.io/images/gh97irjh/production/b502e0a0c4c545da3222d8331bc5da11a68b8827-928x1152.jpg | R77: 3 | S77: 0.88 | T77: 0.88
A78: 77 | B78: Cylinder | C78: 9 | D78: Clear | E78: Metal Roller Ball | F78: 17-415 | G78: 9 ml Clear Cylinder Roll-On Bottle | H78: Glass Bottle | I78: Cylinder | J78: cylinder-9ml-clear-17-415-rollon | K78: kh70dybf6wqhct0knq6qx9dnbs83k26j | P78: Yes | Q78: https://cdn.sanity.io/images/gh97irjh/production/60e39660fa473284f9db92e07cbdb51022438b3e-4297x4297.jpg | R78: 20 | S78: 0.55 | T78: 0.8
A79: 78 | B79: Cylinder | C79: 9 | D79: Clear | E79: Metal Roller Ball | F79: 13-415 | G79: 9 ml Clear Cylinder Roll-On Bottle | H79: Glass Bottle | I79: Cylinder | J79: cylinder-9ml-clear-13-415-rollon | K79: kh780vxgyah7gzk1j04zf0d40983kd13 | P79: Yes | Q79: https://cdn.sanity.io/images/gh97irjh/production/60e39660fa473284f9db92e07cbdb51022438b3e-4297x4297.jpg | R79: 18 | S79: 0.97 | T79: 1.12
A80: 79 | B80: Cylinder | C80: 9 | D80: Cobalt Blue | E80: Fine Mist Sprayer | F80: 17-415 | G80: 9 ml Cobalt Blue Cylinder Fine Mist Spray Bottle | H80: Glass Bottle | I80: Cylinder | J80: cylinder-9ml-cobalt-blue-17-415-finemist | K80: kh709em25pfgg2qdgrg23mq6w183kq9q | L80: GB-CYL-BLU-9ML-SPR-BLK | M80: GBCylBlu9SpryBlk | N80: GBCylBlu9SpryBlk | O80: https://www.bestbottles.com/product/cylinder-design-9-ml-cobalt-blue-glass-bottle-sprayer-black-trim-and-cap | P80: Yes | Q80: https://cdn.sanity.io/images/gh97irjh/production/874cd0656be404aa1a1b66b1665d565d0a78395e-928x1152.jpg | R80: 6 | S80: 0.93 | T80: 0.93
A81: 80 | B81: Cylinder | C81: 9 | D81: Cobalt Blue | E81: Lotion Pump | F81: 17-415 | G81: 9 ml Cobalt Blue Cylinder Lotion Pump Bottle | H81: Glass Bottle | I81: Cylinder | J81: cylinder-9ml-cobalt-blue-17-415-lotionpump | K81: kh77bgmyh8589854c7bq30jmyd83j5nx | L81: LB-CYL-BLU-9ML-LPM-MSLV | M81: LBCylBlu9LtnMattSl | N81: LBCylBlu9LtnMattSl, LBCylBlu9LtnGl | O81: https://www.bestbottles.com/product/cylinder-design-9-ml-cobalt-blue-glass-bottle-lotion-pump-matte-silver-trim-cap | P81: Yes | Q81: https://cdn.sanity.io/images/gh97irjh/production/f44cb4bd9af5de73a98d948ddc82bc2de0057b96-928x1152.jpg | R81: 3 | S81: 0.93 | T81: 0.93
A82: 81 | B82: Cylinder | C82: 9 | D82: Cobalt Blue | E82: Metal Roller Ball | F82: 17-415 | G82: 9 ml Cobalt Blue Cylinder Roll-On Bottle | H82: Glass Bottle | I82: Cylinder | J82: cylinder-9ml-cobalt-blue-17-415-rollon | K82: kh78wxygfm9p26dkth0mysyrsd83jwza | P82: Yes | Q82: https://cdn.sanity.io/images/gh97irjh/production/48bc5a915e324a3a9c504e2849053094ad9f9070-4297x4297.jpg | R82: 20 | S82: 0.6 | T82: 0.85
A83: 82 | B83: Cylinder | C83: 9 | D83: Frosted | E83: Cap/Closure | F83: 13-415 | G83: 9 ml Frosted Cylinder Bottle with Cap | H83: Glass Bottle | I83: Cylinder | J83: cylinder-9ml-frosted-13-415 | K83: kh7d62fd5rpkg5a4a8k8qyp1s183kbpp | L83: GB-CYL-FRS-9ML-S-02 | M83: GBTallCylFrst9WhtSht | N83: GBTallCylFrst9WhtSht, GBTallCylFrst9Gl, GBTallCylFrst9Sl | O83: https://www.bestbottles.com/product/tall-cylinder-design-9-ml-frosted-glass-bottle-short-white-cap | P83: Yes | Q83: https://cdn.sanity.io/images/gh97irjh/production/64ad904969b3a317e9e4e7955576241cf70523a1-2000x2200.png | R83: 4 | S83: 0.87 | T83: 1.05
A84: 83 | B84: Cylinder | C84: 9 | D84: Frosted | E84: Fine Mist Sprayer | F84: 17-415 | G84: 9 ml Frosted Cylinder Fine Mist Spray Bottle | H84: Glass Bottle | I84: Cylinder | J84: cylinder-9ml-frosted-17-415-finemist | K84: kh7dqmarbhw0s0nm6an7s8rhj183ja9q | L84: GB-CYL-FRS-9ML-SPR-BLK | M84: GBCylFrst9SpryBlk | N84: GBCylFrst9SpryBlk | O84: https://www.bestbottles.com/product/cylinder-design-9-ml-frosted-glass-bottle-sprayer-black-trim-and-cap | P84: Yes | Q84: https://cdn.sanity.io/images/gh97irjh/production/a1a2d3ade6709cfc8a79f27ed93ad32368b1893d-928x1152.jpg | R84: 6 | S84: 0.98 | T84: 0.98
A85: 84 | B85: Cylinder | C85: 9 | D85: Frosted | E85: Fine Mist Sprayer | F85: 13-415 | G85: 9 ml Frosted Cylinder Fine Mist Spray Bottle | H85: Glass Bottle | I85: Cylinder | J85: cylinder-9ml-frosted-13-415-finemist | K85: kh77dzgck1gp6j4cytxact235s83jmkj | L85: GB-CYL-FRS-9ML-01 | M85: GBTallCylFrst9SpryBlkMatt | N85: GBTallCylFrst9SpryBlkMatt | O85: https://www.bestbottles.com/product/tall-cylinder-design-9-ml-frosted-glass-bottle-matte-black-spray | P85: Yes | Q85: https://cdn.sanity.io/images/gh97irjh/production/64ad904969b3a317e9e4e7955576241cf70523a1-2000x2200.png | R85: 8 | S85: 1.4 | T85: 1.4
A86: 85 | B86: Cylinder | C86: 9 | D86: Frosted | E86: Lotion Pump | F86: 17-415 | G86: 9 ml Frosted Cylinder Lotion Pump Bottle | H86: Glass Bottle | I86: Cylinder | J86: cylinder-9ml-frosted-17-415-lotionpump | K86: kh7ccv36p9b0p8h9pdr93dd27s83kckg | L86: LB-CYL-FRS-9ML-LPM-MSLV | M86: LBCylFrst9LtnMtSl | N86: LBCylFrst9LtnMtSl, LBCylFrst9LtnGl | O86: https://www.bestbottles.com/product/cylinder-design-9-ml-frosted-glass-bottle-lotion-pump-matte-silver-trim-cap | P86: Yes | Q86: https://cdn.sanity.io/images/gh97irjh/production/a02555f519cda27b6684db6ea5a3774348c2b623-928x1152.jpg | R86: 3 | S86: 0.98 | T86: 0.98
A87: 86 | B87: Cylinder | C87: 9 | D87: Frosted | E87: Metal Roller Ball | F87: 17-415 | G87: 9 ml Frosted Cylinder Roll-On Bottle | H87: Glass Bottle | I87: Cylinder | J87: cylinder-9ml-frosted-17-415-rollon | K87: kh78nwhzjf4m5wdtatt5ecaa2583js72 | P87: Yes | Q87: https://cdn.sanity.io/images/gh97irjh/production/176b1d825d40e35b52afb26fcf214cda77e1404b-4297x4297.jpg | R87: 20 | S87: 0.65 | T87: 0.9
A88: 87 | B88: Cylinder | C88: 9 | D88: Frosted | E88: Metal Roller Ball | F88: 13-415 | G88: 9 ml Frosted Cylinder Roll-On Bottle | H88: Glass Bottle | I88: Cylinder | J88: cylinder-9ml-frosted-13-415-rollon | K88: kh7eq94chkvbz9qd5beffsw97983j28g | P88: Yes | Q88: https://cdn.sanity.io/images/gh97irjh/production/176b1d825d40e35b52afb26fcf214cda77e1404b-4297x4297.jpg | R88: 18 | S88: 1.17 | T88: 1.32
A89: 88 | B89: Cylinder | C89: 9 | D89: Swirl | E89: Fine Mist Sprayer | F89: 17-415 | G89: 9 ml Swirl Cylinder Fine Mist Spray Bottle | H89: Glass Bottle | I89: Cylinder | J89: cylinder-9ml-swirl-17-415-finemist | K89: kh7cd2hzkgsqvcbpcc7zwa4xtx83k0ew | P89: Yes | Q89: https://cdn.sanity.io/images/gh97irjh/production/a772b6b0f0d585e7f05283c9e3b0a8ffa21697a5-928x1152.jpg | R89: 6 | S89: 1 | T89: 1
A90: 89 | B90: Cylinder | C90: 9 | D90: Swirl | E90: Lotion Pump | F90: 17-415 | G90: 9 ml Swirl Cylinder Lotion Pump Bottle | H90: Glass Bottle | I90: Cylinder | J90: cylinder-9ml-swirl-17-415-lotionpump | K90: kh70anra8dh3rsy10xc4xk97en83ky66 | L90: LB-CYL-CLR-9ML-LPM-MSLV | M90: LBCylSwrl9LtnMtSl | N90: LBCylSwrl9LtnMtSl, LBCylSwrl9LtnGl | O90: https://www.bestbottles.com/product/cylinder-design-9-ml-swirl-glass-bottle-lotion-pump-matte-silver-trim-cap | P90: Yes | Q90: https://cdn.sanity.io/images/gh97irjh/production/4a48ff8e4a4b587cd9412d95dea0336193d7b646-928x1152.jpg | R90: 3 | S90: 1 | T90: 1
A91: 90 | B91: Cylinder | C91: 9 | D91: Swirl | E91: Metal Roller Ball | F91: 17-415 | G91: 9 ml Swirl Cylinder Roll-On Bottle | H91: Glass Bottle | I91: Cylinder | J91: cylinder-9ml-swirl-17-415-rollon | K91: kh7686s0ghx7999p36nq1n48es83js8f | P91: Yes | Q91: https://cdn.sanity.io/images/gh97irjh/production/7f624de8172648d0e81f40d70f495fd50a8b575e-4297x4297.jpg | R91: 18 | S91: 0.67 | T91: 0.92
A92: 91 | B92: Cylinder | C92: 25 | D92: Clear | E92: Lotion Pump | F92: 18-415 | G92: 25 ml Clear Cylinder Lotion Pump Bottle | H92: Glass Bottle | I92: Cylinder | J92: cylinder-25ml-clear-18-415-lotionpump | K92: kh72m32yxw36j1znczznfkhb2583ja38 | L92: LB-CYL-CLR-25ML-LPM-MGLD | M92: LBCyl25LtnMtGl | N92: LBCyl25LtnMtGl, LBCyl25LtnShnGl | O92: https://www.bestbottles.com/product/cylinder-design-25-ml-glass-bottle-matte-gold-lotion-pump-and-cap | P92: No | R92: 7 | S92: 2.5 | T92: 2.5
A93: 92 | B93: Cylinder | C93: 28 | D93: Clear | E93: Metal Roller Ball, Plastic Roller Ball | F93: 16mm | G93: 28 ml Clear Cylinder Roll-On Bottle | H93: Glass Bottle | I93: Cylinder | J93: cylinder-28ml-clear-16mm-rollon | K93: kh70vnzt7feanr9z0wwwdqk3dx83kt2c | L93: GB-CYL-CLR-28ML-MRL-02 | M93: GBMtlRoll28Wht | N93: GBMtlRoll28Wht, GBCyl1ozRollWht | O93: https://www.bestbottles.com/product/cylinder-style-28-ml-glass-bottle-metal-roll-on-and-white-cap | P93: No | R93: 4 | S93: 0.85 | T93: 1.15
A94: 93 | B94: Cylinder | C94: 30 | D94: Clear | E94: Cap/Closure | F94: 18-415 | G94: 30 ml Clear Cylinder Bottle with Cap | H94: Glass Bottle | I94: Spray Bottle | J94: cylinder-30ml-clear-18-415 | K94: kh71wqtpsay346wr8p7dk9x07n83kraw | L94: GB-SPR-CLR-30ML-GLD | M94: GBSpry1ozGl | N94: GBSpry1ozGl, GBSpry1ozSl | O94: https://www.bestbottles.com/product/Tube-Glass-Bottle-Sprayer-atomizer-Gold-1oz | P94: No | R94: 2 | S94: 2.1 | T94: 2.1
A95: 94 | B95: Cylinder | C95: 50 | D95: Clear | E95: Lotion Pump | F95: 18-415 | G95: 50 ml Clear Cylinder Lotion Pump Bottle | H95: Glass Bottle | I95: Cylinder | J95: cylinder-50ml-clear-18-415-lotionpump | K95: kh7ahzt71xn1vbqw2xh184dkwn83knx2 | P95: No | R95: 7 | S95: 2.7 | T95: 2.7
A96: 95 | B96: Cylinder | C96: 50 | D96: Clear | E96: Metal Roller Ball, Plastic Roller Ball | F96: 16mm | G96: 50 ml Clear Cylinder Roll-On Bottle | H96: Glass Bottle | I96: Cylinder | J96: cylinder-50ml-clear-16mm-rollon | K96: kh77m2km2vmmt6cddyqcskd43d83kmns | L96: GB-CYL-WHT-50ML-MRL-WHT | M96: GBCyl50MtlRollWht | N96: GBCyl50MtlRollWht, GBCyl50RollWht | O96: https://www.bestbottles.com/product/cylinder-style-50-ml-glass-bottle-metal-roll-on-and-white-cap | P96: No | R96: 4 | S96: 0.95 | T96: 1.25
A97: 96 | B97: Cylinder | C97: 50 | D97: Clear | E97: Perfume Spray Pump | F97: 18-415 | G97: 50 ml Clear Cylinder Bottle | H97: Glass Bottle | I97: Cylinder | J97: cylinder-50ml-clear-18-415-perfumespray | K97: kh74cbkw4y0wve7kgy4qjpg5a183kezx | L97: GB-CYL-CLR-50ML-SPR-MGLD | M97: GBCyl50SpryMtGl | N97: GBCyl50SpryMtGl, GBCyl50SpryShnGl, GBCyl50SpryShnBlk, GBCyl50SpryMtSl, GBCyl50SpryShnSl, GBCyl50SpryCu | O97: https://www.bestbottles.com/product/cylinder-design-50-ml-glass-bottle-matte-gold-spray-pump-and-cap | P97: No | R97: 6 | S97: 2.7 | T97: 2.7
A98: 97 | B98: Cylinder | C98: 50 | D98: Clear | E98: Reducer | F98: 18-415 | G98: 50 ml Clear Cylinder Reducer Bottle | H98: Glass Bottle | I98: Cylinder | J98: cylinder-50ml-clear-18-415-reducer | K98: kh7fyz79dvt7hbtsfehcz17dr983kp64 | L98: GB-CYL-CLR-50ML-RDC-BKLT | M98: GBCyl50RdcrBlkLthr | N98: GBCyl50RdcrBlkLthr | O98: https://www.bestbottles.com/product/cylinder-design-50-ml-glass-bottle-reducer-black-faux-leather-cap | P98: No | R98: 12 | S98: 1.67 | T98: 1.95
A99: 98 | B99: Cylinder | C99: 50 | D99: Clear | E99: Vintage Bulb Sprayer | F99: 18-415 | G99: 50 ml Clear Cylinder Vintage Bulb Spray Bottle | H99: Glass Bottle | I99: Cylinder | J99: cylinder-50ml-clear-18-415-antiquespray | K99: kh770e6frzck03vatr4ychxpyd83kt57 | L99: GB-CYL-CLR-50ML-ASP-BLK | M99: GBCyl50AnSpBlk | N99: GBCyl50AnSpBlk | O99: https://www.bestbottles.com/product/cylinder-design-50-ml-glass-bottle-black-vintage-style-bulb-sprayer-shiny-silver-collar-cap | P99: No | R99: 9 | S99: 5.55 | T99: 5.55
A100: 99 | B100: Cylinder | C100: 50 | D100: Clear | E100: Vintage Bulb Sprayer with Tassel | F100: 18-415 | G100: 50 ml Clear Cylinder Vintage Bulb Spray Bottle with Tassel | H100: Glass Bottle | I100: Cylinder | J100: cylinder-50ml-clear-18-415-antiquespray-tassel | K100: kh726vbefdwtybgksnjya9hxv183k9t0 | L100: GB-CYL-CLR-50ML-AST-BLK | M100: GBCyl50AnSpTslBlk | N100: GBCyl50AnSpTslBlk | O100: https://www.bestbottles.com/product/cylinder-design-50-ml-glass-bottle-black-vintage-style-sprayer-with-tassel-shiny-silver-collar | P100: No | R100: 9 | S100: 6.3 | T100: 6.3
A101: 100 | B101: Cylinder | C101: 100 | D101: Clear | E101: Lotion Pump | F101: 18-415 | G101: 100 ml Clear Cylinder Lotion Pump Bottle | H101: Glass Bottle | I101: Cylinder | J101: cylinder-100ml-clear-18-415-lotionpump | K101: kh721mw91ssyyxh31ea8k1gt2d83kmz9 | L101: LB-CYL-CLR-100ML-LPM-COCP | M101: LBCyl100LtnClOvrCap | N101: LBCyl100LtnClOvrCap | O101: https://www.bestbottles.com/product/cylinder-design-100-ml-glass-bottle-clear-over-the-cap-lotion-pump-matte-silver-collar-cap | P101: No | R101: 7 | S101: 3.05 | T101: 3.05
A102: 101 | B102: Cylinder | C102: 100 | D102: Clear | E102: Perfume Spray Pump | F102: 18-415 | G102: 100 ml Clear Cylinder Bottle | H102: Glass Bottle | I102: Cylinder | J102: cylinder-100ml-clear-18-415-perfumespray | K102: kh79v3q8ytn8hgaapdynrb4kpd83kdxf | L102: GB-CYL-CLR-100ML-SPR-CPR | M102: GBCyl100SpryCu | N102: GBCyl100SpryCu, GBCyl100SpryMtGl, GBCyl100SpryShnGl, GBCyl100SpryShnBlk, GBCyl100SpryMtSl, GBCyl100SpryShnSl | O102: https://www.bestbottles.com/product/cylinder-design-100-ml-glass-bottle-matte-copper-spray-and-cap | P102: No | R102: 6 | S102: 3.05 | T102: 3.05
A103: 102 | B103: Cylinder | C103: 100 | D103: Clear | E103: Reducer | F103: 18-415 | G103: 100 ml Clear Cylinder Reducer Bottle | H103: Glass Bottle | I103: Cylinder | J103: cylinder-100ml-clear-18-415-reducer | K103: kh7b67dyan5neb8h5f5r3xh49n83j533 | L103: GB-CYL-CLR-100ML-RDC-SGLD | M103: GBCyl100RdcrShnGl | N103: GBCyl100RdcrShnGl, GBCyl100RdcrShnBlkTall, GBCyl100RdcrShnBlk, GBCyl100RdcrBrwnLthr, GBCyl100RdcrLBrwnLthr, GBCyl100RdcrShnSl, GBCyl100RdcrMtSlTall, GBCyl100RdcrMtSl, GBCyl100RdcrWht, GBCyl100RdcrIvyLthr, GBCyl100RdcrPnkLthr, GBCyl100RdcrBlkLthr | O103: https://www.bestbottles.com/product/cylinder-design-100-ml-glass-bottle-reducer-shiny-gold-cap | P103: No | R103: 12 | S103: 2.02 | T103: 2.3
...

Sheet Dashboard
B1: Grid Image Tracker — Dashboard
B2: Generated: 2026-04-06 | Live Convex + frontend-aligned applicator types
B4: Summary Statistics
B5: Total Glass Bottle Groups | C5: =COUNTA('Grid Image Tracker'!B2:B292)
B6: Groups with Hero Image | C6: =COUNTIF('Grid Image Tracker'!P2:P292,"Yes")
B7: Groups without Hero Image | C7: =COUNTIF('Grid Image Tracker'!P2:P292,"No")
B8: % Complete (Hero Images) | C8: =IF(C6>0,C6/C5,"")
B9: Groups with Product URL | C9: =COUNTA('Grid Image Tracker'!O2:O292)
B10: Groups with Legacy SKUs | C10: =COUNTA('Grid Image Tracker'!N2:N292)
B11: Total Product Variants | C11: =SUM('Grid Image Tracker'!R2:R292)
B13: Generation Pipeline
B14: Prompts Written | C14: =COUNTA('Grid Image Tracker'!U2:U292)
B15: Images Generated | C15: =COUNTA('Grid Image Tracker'!V2:V292)
B16: QA Passed | C16: =COUNTIF('Grid Image Tracker'!W2:W292,"Pass")
B17: QA Failed | C17: =COUNTIF('Grid Image Tracker'!W2:W292,"Fail")
B19: By Applicator Type
B20: Applicator Type | C20: Total | D20: Has Hero | E20: Needs Image
B21: Metal Roller Ball | C21: =COUNTIF('Grid Image Tracker'!E2:E292,"*Metal Roller Ball*") | D21: =COUNTIFS('Grid Image Tracker'!E2:E292,"*Metal Roller Ball*",'Grid Image Tracker'!P2:P292,"Yes") | E21: =C21-D21
B22: Plastic Roller Ball | C22: =COUNTIF('Grid Image Tracker'!E2:E292,"*Plastic Roller Ball*") | D22: =COUNTIFS('Grid Image Tracker'!E2:E292,"*Plastic Roller Ball*",'Grid Image Tracker'!P2:P292,"Yes") | E22: =C22-D22
B23: Fine Mist Sprayer | C23: =COUNTIF('Grid Image Tracker'!E2:E292,"*Fine Mist Sprayer*") | D23: =COUNTIFS('Grid Image Tracker'!E2:E292,"*Fine Mist Sprayer*",'Grid Image Tracker'!P2:P292,"Yes") | E23: =C23-D23
B24: Perfume Spray Pump | C24: =COUNTIF('Grid Image Tracker'!E2:E292,"*Perfume Spray Pump*") | D24: =COUNTIFS('Grid Image Tracker'!E2:E292,"*Perfume Spray Pump*",'Grid Image Tracker'!P2:P292,"Yes") | E24: =C24-D24
B25: Reducer | C25: =COUNTIF('Grid Image Tracker'!E2:E292,"*Reducer*") | D25: =COUNTIFS('Grid Image Tracker'!E2:E292,"*Reducer*",'Grid Image Tracker'!P2:P292,"Yes") | E25: =C25-D25
B26: Dropper | C26: =COUNTIF('Grid Image Tracker'!E2:E292,"*Dropper*") | D26: =COUNTIFS('Grid Image Tracker'!E2:E292,"*Dropper*",'Grid Image Tracker'!P2:P292,"Yes") | E26: =C26-D26
B27: Lotion Pump | C27: =COUNTIF('Grid Image Tracker'!E2:E292,"*Lotion Pump*") | D27: =COUNTIFS('Grid Image Tracker'!E2:E292,"*Lotion Pump*",'Grid Image Tracker'!P2:P292,"Yes") | E27: =C27-D27
B28: Vintage Bulb Sprayer | C28: =COUNTIF('Grid Image Tracker'!E2:E292,"*Vintage Bulb Sprayer*") | D28: =COUNTIFS('Grid Image Tracker'!E2:E292,"*Vintage Bulb Sprayer*",'Grid Image Tracker'!P2:P292,"Yes") | E28: =C28-D28
B29: Vintage Bulb Sprayer with Tassel | C29: =COUNTIF('Grid Image Tracker'!E2:E292,"*Vintage Bulb Sprayer with Tassel*") | D29: =COUNTIFS('Grid Image Tracker'!E2:E292,"*Vintage Bulb Sprayer with Tassel*",'Grid Image Tracker'!P2:P292,"Yes") | E29: =C29-D29
B30: Atomizer | C30: =COUNTIF('Grid Image Tracker'!E2:E292,"*Atomizer*") | D30: =COUNTIFS('Grid Image Tracker'!E2:E292,"*Atomizer*",'Grid Image Tracker'!P2:P292,"Yes") | E30: =C30-D30
B31: Glass Stopper | C31: =COUNTIF('Grid Image Tracker'!E2:E292,"*Glass Stopper*") | D31: =COUNTIFS('Grid Image Tracker'!E2:E292,"*Glass Stopper*",'Grid Image Tracker'!P2:P292,"Yes") | E31: =C31-D31
B32: Glass Rod | C32: =COUNTIF('Grid Image Tracker'!E2:E292,"*Glass Rod*") | D32: =COUNTIFS('Grid Image Tracker'!E2:E292,"*Glass Rod*",'Grid Image Tracker'!P2:P292,"Yes") | E32: =C32-D32
B33: Cap/Closure | C33: =COUNTIF('Grid Image Tracker'!E2:E292,"*Cap/Closure*") | D33: =COUNTIFS('Grid Image Tracker'!E2:E292,"*Cap/Closure*",'Grid Image Tracker'!P2:P292,"Yes") | E33: =C33-D33
B35: By Family
B36: Family | C36: Total | D36: Has Hero | E36: Needs Image
B37: Apothecary | C37: =COUNTIF('Grid Image Tracker'!B2:B292,"Apothecary") | D37: =COUNTIFS('Grid Image Tracker'!B2:B292,"Apothecary",'Grid Image Tracker'!P2:P292,"Yes") | E37: =C37-D37
B38: Bell | C38: =COUNTIF('Grid Image Tracker'!B2:B292,"Bell") | D38: =COUNTIFS('Grid Image Tracker'!B2:B292,"Bell",'Grid Image Tracker'!P2:P292,"Yes") | E38: =C38-D38
B39: Boston Round | C39: =COUNTIF('Grid Image Tracker'!B2:B292,"Boston Round") | D39: =COUNTIFS('Grid Image Tracker'!B2:B292,"Boston Round",'Grid Image Tracker'!P2:P292,"Yes") | E39: =C39-D39
B40: Circle | C40: =COUNTIF('Grid Image Tracker'!B2:B292,"Circle") | D40: =COUNTIFS('Grid Image Tracker'!B2:B292,"Circle",'Grid Image Tracker'!P2:P292,"Yes") | E40: =C40-D40
B41: Cylinder | C41: =COUNTIF('Grid Image Tracker'!B2:B292,"Cylinder") | D41: =COUNTIFS('Grid Image Tracker'!B2:B292,"Cylinder",'Grid Image Tracker'!P2:P292,"Yes") | E41: =C41-D41
B42: Decorative | C42: =COUNTIF('Grid Image Tracker'!B2:B292,"Decorative") | D42: =COUNTIFS('Grid Image Tracker'!B2:B292,"Decorative",'Grid Image Tracker'!P2:P292,"Yes") | E42: =C42-D42
B43: Diamond | C43: =COUNTIF('Grid Image Tracker'!B2:B292,"Diamond") | D43: =COUNTIFS('Grid Image Tracker'!B2:B292,"Diamond",'Grid Image Tracker'!P2:P292,"Yes") | E43: =C43-D43
B44: Diva | C44: =COUNTIF('Grid Image Tracker'!B2:B292,"Diva") | D44: =COUNTIFS('Grid Image Tracker'!B2:B292,"Diva",'Grid Image Tracker'!P2:P292,"Yes") | E44: =C44-D44
B45: Elegant | C45: =COUNTIF('Grid Image Tracker'!B2:B292,"Elegant") | D45: =COUNTIFS('Grid Image Tracker'!B2:B292,"Elegant",'Grid Image Tracker'!P2:P292,"Yes") | E45: =C45-D45
B46: Empire | C46: =COUNTIF('Grid Image Tracker'!B2:B292,"Empire") | D46: =COUNTIFS('Grid Image Tracker'!B2:B292,"Empire",'Grid Image Tracker'!P2:P292,"Yes") | E46: =C46-D46
B47: Flair | C47: =COUNTIF('Grid Image Tracker'!B2:B292,"Flair") | D47: =COUNTIFS('Grid Image Tracker'!B2:B292,"Flair",'Grid Image Tracker'!P2:P292,"Yes") | E47: =C47-D47
B48: Grace | C48: =COUNTIF('Grid Image Tracker'!B2:B292,"Grace") | D48: =COUNTIFS('Grid Image Tracker'!B2:B292,"Grace",'Grid Image Tracker'!P2:P292,"Yes") | E48: =C48-D48
B49: Lotion Bottle | C49: =COUNTIF('Grid Image Tracker'!B2:B292,"Lotion Bottle") | D49: =COUNTIFS('Grid Image Tracker'!B2:B292,"Lotion Bottle",'Grid Image Tracker'!P2:P292,"Yes") | E49: =C49-D49
B50: Pillar | C50: =COUNTIF('Grid Image Tracker'!B2:B292,"Pillar") | D50: =COUNTIFS('Grid Image Tracker'!B2:B292,"Pillar",'Grid Image Tracker'!P2:P292,"Yes") | E50: =C50-D50
B51: Rectangle | C51: =COUNTIF('Grid Image Tracker'!B2:B292,"Rectangle") | D51: =COUNTIFS('Grid Image Tracker'!B2:B292,"Rectangle",'Grid Image Tracker'!P2:P292,"Yes") | E51: =C51-D51
B52: Round | C52: =COUNTIF('Grid Image Tracker'!B2:B292,"Round") | D52: =COUNTIFS('Grid Image Tracker'!B2:B292,"Round",'Grid Image Tracker'!P2:P292,"Yes") | E52: =C52-D52
B53: Royal | C53: =COUNTIF('Grid Image Tracker'!B2:B292,"Royal") | D53: =COUNTIFS('Grid Image Tracker'!B2:B292,"Royal",'Grid Image Tracker'!P2:P292,"Yes") | E53: =C53-D53
B54: Sleek | C54: =COUNTIF('Grid Image Tracker'!B2:B292,"Sleek") | D54: =COUNTIFS('Grid Image Tracker'!B2:B292,"Sleek",'Grid Image Tracker'!P2:P292,"Yes") | E54: =C54-D54
B55: Slim | C55: =COUNTIF('Grid Image Tracker'!B2:B292,"Slim") | D55: =COUNTIFS('Grid Image Tracker'!B2:B292,"Slim",'Grid Image Tracker'!P2:P292,"Yes") | E55: =C55-D55
B56: Square | C56: =COUNTIF('Grid Image Tracker'!B2:B292,"Square") | D56: =COUNTIFS('Grid Image Tracker'!B2:B292,"Square",'Grid Image Tracker'!P2:P292,"Yes") | E56: =C56-D56
B57: Teardrop | C57: =COUNTIF('Grid Image Tracker'!B2:B292,"Teardrop") | D57: =COUNTIFS('Grid Image Tracker'!B2:B292,"Teardrop",'Grid Image Tracker'!P2:P292,"Yes") | E57: =C57-D57
B58: Tulip | C58: =COUNTIF('Grid Image Tracker'!B2:B292,"Tulip") | D58: =COUNTIFS('Grid Image Tracker'!B2:B292,"Tulip",'Grid Image Tracker'!P2:P292,"Yes") | E58: =C58-D58
B59: Vial | C59: =COUNTIF('Grid Image Tracker'!B2:B292,"Vial") | D59: =COUNTIFS('Grid Image Tracker'!B2:B292,"Vial",'Grid Image Tracker'!P2:P292,"Yes") | E59: =C59-D59

Sheet Prompt Log
A1: # | B1: Family | C1: Capacity (ml) | D1: Glass Color | E1: Applicator Type | F1: Prompt Text | G1: Gen Tool | H1: Thinking Level | I1: Attempts | J1: Best Result URL | K1: Notes
A2: 1 | B2: Cylinder | C2: 5 | D2: Clear | E2: Fine Mist Sprayer | F2: Professional e-commerce product photograph of a tall, slender clear glass 5ml cylinder fine mist spray bottle shown WITHOUT its overcap. The overcap is placed standing upright beside the bottle on the right side, revealing the spray mechanism. EXACT BOTTLE SHAPE: Tall, slender cylinder spray bottle. The glass body height-to-width ratio is approximately 3.2:1. The body is a perfect cylinder with absolutely straight parallel sides — no taper, no bulge, no curves, no waist. Flat bottom sits flush on the stone surface. The spray mechanism extends above the glass body, adding about 22% to the total height. With the sprayer exposed (no overcap), the total height-to-body-width ratio is approximately 4.2:1. The bottle is EMPTY — no liquid inside. SPRAY MECHANISM — critical detail: The fine mist spray pump is FULLY COLORED — the entire mechanism is a single solid matte black finish. This is NOT a white sprayer with a colored band — the actuator button, the collar, the tube housing are ALL matte black. The spray nozzle points upward. The mechanism sits flush with the glass body diameter. A thin dip tube extends down inside the bottle (barely visible through the clear glass). GLASS / MATERIAL: Crystal clear transparent glass with subtle refractive quality. Perfectly transparent. Thin dark outlines visible at glass edges where light refracts through cylindrical walls. No cloudiness, no bubbles, no imperfections. Premium optical clarity. EMPTY — no liquid fill. OVERCAP PLACEMENT: The overcap is placed standing upright on the stone pedestal, to the RIGHT of the bottle and slightly forward. There is a small gap between the bottle and the overcap. The overcap is a tall cylindrical shell in matte black finish — approximately the same height as the spray mechanism portion. The overcap opening faces downward (it sits inverted, dome/top facing up). The overcap diameter matches the bottle body diameter. PEDESTAL: Dark slate gray polished stone slab. Matte finish with subtle surface texture. Slab is wide enough to hold both the bottle and the overcap side by side. Low-profile slab thickness. Both bottle and overcap sit on the stone surface. COMPOSITION: The bottle is centered-left in frame, overcap to the right. 2000x2200px portrait format. The tall bottle occupies 65-70% of canvas height. Breathing room above and below. No other props, no labels, no text. LIGHTING - CHIAROSCURO STUDIO: - Key Light: 45 degree angle upper left, 6200K color temperature, strong directional illumination on the left side of the glass cylinder - Rim Light: Subtle backlight from upper right, thin bright rim along right edge of glass, reveals translucency - Fill Light: 60% intensity from camera left, softens shadows - Shadow: Long soft shadow extending from bottle base across stone surface, feathered edge BACKGROUND: Warm cream color (#F5F3EF) — uniform, soft, no gradients. Seamless backdrop. STYLE: Premium luxury product photography. Photorealistic. Studio-lit precision. Immaculate. CRITICAL CONSTRAINTS: - The bottle body is approximately 3.2:1 H:W ratio — shorter and slightly wider than the 9ml cylinder - The spray mechanism is FULLY MATTE BLACK — not white with a band - The overcap must be SEPARATE from the bottle, placed beside it on the right - The spray nozzle/actuator must be clearly visible on the uncapped bottle - No liquid inside the bottle — completely empty - Do NOT say perfume, spray, or fragrance in any text — this is a product photograph only - The overall silhouette should be a compact, elegant spray bottle — shorter than a 9ml roll-on | G2: Nano Banana Pro | H2: High | I2: 0 | K2: Cap-off series: overcap beside bottle on stone pedestal. Cream bg #F5F3EF. 2000x2200 portrait. Fully colored matte black spray mechanism. Measured body H:W 3.24:1, assembled 4.39:1.
A3: 2 | B3: Cylinder | C3: 5 | D3: Cobalt Blue | E3: Fine Mist Sprayer | F3: Professional e-commerce product photograph of a tall, slender cobalt blue glass 5ml cylinder fine mist spray bottle shown WITHOUT its overcap. The overcap is placed standing upright beside the bottle on the right side, revealing the spray mechanism. EXACT BOTTLE SHAPE: Tall, slender cylinder spray bottle. The glass body height-to-width ratio is approximately 3.1:1. The body is a perfect cylinder with absolutely straight parallel sides — no taper, no bulge, no curves, no waist. Flat bottom sits flush on the stone surface. The spray mechanism extends above the glass body, adding about 22% to the total height. With the sprayer exposed (no overcap), the total height-to-body-width ratio is approximately 4.2:1. The bottle is EMPTY — no liquid inside. SPRAY MECHANISM — critical detail: The fine mist spray pump is FULLY COLORED — the entire mechanism is a single solid shiny silver finish. This is NOT a white sprayer with a colored band — the actuator button, the collar, the tube housing are ALL shiny silver metallic. The spray nozzle points upward. The mechanism sits flush with the glass body diameter. A thin dip tube extends down inside the bottle (barely visible through the deep blue glass). GLASS / MATERIAL: Deep saturated cobalt blue glass — a rich, vivid royal blue. The glass is transparent with the intense blue visible from every angle. Light refracts through showing deep blue tones. The blue color is uniform and saturated throughout the glass walls. No cloudiness, no bubbles, no imperfections. Premium optical clarity. EMPTY — no liquid fill. OVERCAP PLACEMENT: The overcap is placed standing upright on the stone pedestal, to the RIGHT of the bottle and slightly forward. There is a small gap between the bottle and the overcap. The overcap is a tall cylindrical shell in shiny silver metallic finish — approximately the same height as the spray mechanism portion. The overcap opening faces downward (it sits inverted, dome/top facing up). The overcap diameter matches the bottle body diameter. PEDESTAL: Dark slate gray polished stone slab. Matte finish with subtle surface texture. Slab is wide enough to hold both the bottle and the overcap side by side. Low-profile slab thickness. Both bottle and overcap sit on the stone surface. COMPOSITION: The bottle is centered-left in frame, overcap to the right. 2000x2200px portrait format. The tall bottle occupies 65-70% of canvas height. Breathing room above and below. No other props, no labels, no text. LIGHTING - CHIAROSCURO STUDIO: - Key Light: 45 degree angle upper left, 6200K color temperature, strong directional illumination on the left side of the glass cylinder - Rim Light: Subtle backlight from upper right, thin bright rim along right edge of glass, makes the cobalt blue glow - Fill Light: 60% intensity from camera left, softens shadows - Shadow: Long soft shadow extending from bottle base across stone surface, feathered edge BACKGROUND: Warm cream color (#F5F3EF) — uniform, soft, no gradients. Seamless backdrop. STYLE: Premium luxury product photography. Photorealistic. Studio-lit precision. Immaculate. CRITICAL CONSTRAINTS: - The bottle body is approximately 3.1:1 H:W ratio — shorter and slightly wider than the 9ml cylinder - The spray mechanism is FULLY SHINY SILVER — not white with a band - The overcap must be SEPARATE from the bottle, placed beside it on the right - The spray nozzle/actuator must be clearly visible on the uncapped bottle - The cobalt blue glass must be vivid and saturated — not pale or washed out - No liquid inside the bottle — completely empty - Do NOT say perfume, spray, or fragrance in any text — this is a product photograph only - The overall silhouette should be a compact, elegant spray bottle — shorter than a 9ml roll-on | G3: Nano Banana Pro | H3: High | I3: 0 | K3: Cap-off series: overcap beside bottle on stone pedestal. Cream bg #F5F3EF. 2000x2200 portrait. Fully colored shiny silver spray mechanism. Measured body H:W 3.1:1, assembled 4.39:1.

Sheet Gaps & Notes
B1: Gaps, Issues & Notes
B3: Known Gaps
B4: Issue Type | C4: Details | D4: Resolution
B5: Missing Product Group | C5: Pillar 9ml Clear Roll-On (13-415) | D5: addProductGroup mutation ready, needs npx convex deploy
B6: Missing Product Group | C6: Cylinder 30ml Clear Roll-On (18-415) | D6: addProductGroup mutation ready, needs npx convex deploy
B7: Misassigned Products | C7: GB-PIL-CLR-9ML-MRL-BDOT, GB-PIL-CLR-9ML-RBL-BDOT | D7: Roll-on products in cap group; reassign after new group created
B8: Applicator Fix Applied | C8: 92 groups patched (2026-04-06) | D8: Aligned to frontend APPLICATOR_BUCKETS productValues
B10: Pipeline UI Integration
B11: • Pipeline UI app: AI-OS/paper-doll-pipeline/tools/pipeline-ui/ (npm run dev)
B12: • Reads from: /Users/jordanrichter/Desktop/AI-OS/paper-doll-pipeline/output/
B13: • API routes: /api/inventory, /api/families, /api/gallery, /api/images
B14: • Gallery tracks generation modes: sandstone, grid, cap-off, heroes, composited
B15: • Pipeline UI is for Paper Doll (Layer 3) — this tracker is for Grid Images (Layer 1)
B16: • Grid images upload to Sanity CDN → heroImageUrl on Convex productGroups
B18: Data Quality Notes
B19: • applicatorTypes aligned to frontend catalogFilters.ts APPLICATOR_BUCKETS productValues (2026-04-06)
B20: • Multi-value groups: Roll-On groups may have ["Metal Roller Ball","Plastic Roller Ball"]
B21: • Dashboard uses COUNTIF with wildcards (*value*) to handle multi-value applicator cells
B22: • 31 groups have heroImageUrl from prior work; 260 need AI generation
... B26: • All 15 frontend fields now present in tracker columns
