Workbook

Sheet Read me
A1: Best Bottles bottle bodies
A2: Measurements from Convex production (precise-raccoon-123), products table, pulled 2026-09-16 14:30 PDT.
A3: One row per physical glass: the bottle that governs every SKU built on it. Its height without cap is the source of truth for sizing.
A5: Summary
A6: Bottle bodies (glasses) | B6: =COUNTA('Bottle bodies'!B2:B109) | C6: Family + capacity + neck finish + glass finish (standard, frosted, swirl) + tall glass. Glass colour and fitment do not change the body.
A7: SKUs covered | B7: =SUM('Bottle bodies'!N2:N109) | C7: Every live bottle, jar, aluminium, plastic and metal-atomizer SKU. Retired SKUs, caps, components and packaging are excluded.
A8: Families | B8: =COUNTA(A23:A49) | C8: Listed under Bodies per family below.
A9: Status OK | B9: =COUNTIF('Bottle bodies'!S2:S109,"OK") | C9: Every SKU on the glass records the same height without cap.
A10: Heights disagree | B10: =COUNTIF('Bottle bodies'!S2:S109,"Heights disagree") | C10: Most common height is used; the odd SKUs are listed so they can be corrected.
A11: Check height | B11: =COUNTIF('Bottle bodies'!S2:S109,"Check height") | C11: The recorded height cannot be right for the capacity or the photograph.
A12: Some SKUs blank | B12: =COUNTIF('Bottle bodies'!S2:S109,"Some SKUs blank") | C12: The glass has a height, but some of its SKUs have none recorded.
A14: How to read a row
A15: Height without cap (mm) | C15: The source of truth. Bare glass, foot to rim. When SKUs disagree, the value most of them record.
A16: Height with cap, min / max (mm) | C16: Varies with the fitment, so shown as the range across the glass's SKUs.
A17: Governing SKU | C17: The SKU that stands for the glass: records the source-of-truth height, clear glass first, audited measurement first.
A18: Measurement source | C18: master truth = the 2026-07-12 audited master written to production; legacy exact = copied from the legacy site; none = no provenance stamp.
A19: Frosted and swirl | C19: Listed as their own rows because they are different bottles to photograph; several share the clear glass's height.
A20: All SKUs sheet | C20: Every SKU with its body number, so any row can be traced and corrected in Convex.
A22: Bodies per family | B22: Bodies | C22: SKUs
A23: Aluminum Bottle | B23: =COUNTIF('Bottle bodies'!$B$2:$B$109,A23) | C23: =SUMIF('Bottle bodies'!$B$2:$B$109,A23,'Bottle bodies'!$N$2:$N$109)
A24: Apothecary | B24: =COUNTIF('Bottle bodies'!$B$2:$B$109,A24) | C24: =SUMIF('Bottle bodies'!$B$2:$B$109,A24,'Bottle bodies'!$N$2:$N$109)
A25: Atomizer | B25: =COUNTIF('Bottle bodies'!$B$2:$B$109,A25) | C25: =SUMIF('Bottle bodies'!$B$2:$B$109,A25,'Bottle bodies'!$N$2:$N$109)
A26: Bell | B26: =COUNTIF('Bottle bodies'!$B$2:$B$109,A26) | C26: =SUMIF('Bottle bodies'!$B$2:$B$109,A26,'Bottle bodies'!$N$2:$N$109)
A27: Boston Round | B27: =COUNTIF('Bottle bodies'!$B$2:$B$109,A27) | C27: =SUMIF('Bottle bodies'!$B$2:$B$109,A27,'Bottle bodies'!$N$2:$N$109)
A28: Circle | B28: =COUNTIF('Bottle bodies'!$B$2:$B$109,A28) | C28: =SUMIF('Bottle bodies'!$B$2:$B$109,A28,'Bottle bodies'!$N$2:$N$109)
A29: Cream Jar | B29: =COUNTIF('Bottle bodies'!$B$2:$B$109,A29) | C29: =SUMIF('Bottle bodies'!$B$2:$B$109,A29,'Bottle bodies'!$N$2:$N$109)
A30: Cylinder | B30: =COUNTIF('Bottle bodies'!$B$2:$B$109,A30) | C30: =SUMIF('Bottle bodies'!$B$2:$B$109,A30,'Bottle bodies'!$N$2:$N$109)
A31: Decorative | B31: =COUNTIF('Bottle bodies'!$B$2:$B$109,A31) | C31: =SUMIF('Bottle bodies'!$B$2:$B$109,A31,'Bottle bodies'!$N$2:$N$109)
A32: Diamond | B32: =COUNTIF('Bottle bodies'!$B$2:$B$109,A32) | C32: =SUMIF('Bottle bodies'!$B$2:$B$109,A32,'Bottle bodies'!$N$2:$N$109)
A33: Diva | B33: =COUNTIF('Bottle bodies'!$B$2:$B$109,A33) | C33: =SUMIF('Bottle bodies'!$B$2:$B$109,A33,'Bottle bodies'!$N$2:$N$109)
A34: Elegant | B34: =COUNTIF('Bottle bodies'!$B$2:$B$109,A34) | C34: =SUMIF('Bottle bodies'!$B$2:$B$109,A34,'Bottle bodies'!$N$2:$N$109)
... A49: Vial | B49: =COUNTIF('Bottle bodies'!$B$2:$B$109,A49) | C49: =SUMIF('Bottle bodies'!$B$2:$B$109,A49,'Bottle bodies'!$N$2:$N$109)

Sheet Bottle bodies
A1: # | B1: Family | C1: Capacity (ml) | D1: Neck finish | E1: Glass finish | F1: Variant | G1: Height without cap (mm) | H1: Tolerance (± mm) | I1: Height with cap, min (mm) | J1: Height with cap, max (mm) | K1: Diameter (mm) | L1: Governing SKU | M1: Governing product | N1: SKUs on this glass | O1: Glass colours | P1: Heights recorded across its SKUs | Q1: SKUs with a different height | R1: Measurement source | S1: Status | T1: Notes
A2: 1 | B2: Aluminum Bottle | C2: 65 | D2: 20-410 | E2: Standard | G2: 94 | H2: 1 | I2: 127 | J2: 130 | K2: 36 | L2: Alu65mlLotionPumpBlack | M2: Cylinder shaped, brushed aluminum 65 ml bottle with lotion black. For use with lotion or treatment pump. Price Each | N2: 2 | O2: n/a | P2: 94 mm × 2 | R2: master truth × 2 | S2: OK
A3: 2 | B3: Aluminum Bottle | C3: 100 | D3: 20-410 | E3: Standard | G3: 127.8 | I3: 150 | J3: 150 | K3: 50 | L3: Alu100mlSprayBlack | M3: Cylinder shaped, matte aluminum 100 ml bottle with black sprayer. For use with cologne, perfume, air freshner, face and body spray, or room spray. Price Each | N3: 1 | O3: n/a | P3: 127.8 mm × 1 | R3: none × 1 | S3: OK
A4: 3 | B4: Aluminum Bottle | C4: 120 | D4: 20-410 | E4: Standard | G4: 114 | H4: 2 | I4: 147 | J4: 147 | K4: 45 | L4: Alu120mlLotionPumpBlack | M4: Cylinder shaped, brushed aluminum 120 ml bottle with lotion black. For use with lotion or treatment pump. Price Each | N4: 2 | O4: n/a | P4: 114 mm × 2 | R4: master truth × 2 | S4: OK
A5: 4 | B5: Aluminum Bottle | C5: 250 | D5: 20-410 | E5: Standard | G5: 127.8 | I5: 180 | J5: 180 | K5: 60 | L5: Alu250mlSprayBlack | M5: Aluminum Bottle 250 ml (8.45 oz) Clear Aluminum Bottle with Sprayer Black Cap | N5: 1 | O5: Clear | P5: 127.8 mm × 1 | R5: master truth × 1 | S5: OK
A6: 5 | B6: Aluminum Bottle | C6: 500 | D6: 20-410 | E6: Standard | G6: 178 | H6: 2 | I6: 186 | J6: 186 | K6: 74 | L6: Alu500 | M6: Cylinder shaped, aluminum 500 ml bottle with white plug and tear off cap. For use with perfume oil, aromatic oils, fragrance oils and attars. Price Each | N6: 1 | O6: n/a | P6: 178 mm × 1 | R6: master truth × 1 | S6: OK
A7: 6 | B7: Apothecary | C7: 15 | D7: Ground | E7: Standard | G7: 58 | H7: 1 | I7: 82 | J7: 82 | K7: 30 | L7: GB15ApthBlue | M7: Apothecary style 15 ml blue glass bottle with blue glass stopper. For use with perfume or fragrance oil, essential oil, aromatherapy. Good for displaying products. These are hand made bottles with ground glass stoppers. The stoppers are not leak proof, | N7: 1 | O7: Cobalt Blue | P7: 58 mm × 1 | R7: master truth × 1 | S7: OK
A8: 7 | B8: Apothecary | C8: 30 | D8: Ground | E8: Standard | G8: 58 | I8: 98 | J8: 98 | K8: 37 | L8: GB1ozApth | M8: Apothecary style 30ml clear glass bottle with glass stopper. For use with perfume or fragrance oil, essential oil, aromatherapy. Good for displaying products. These are hand made bottles with ground glass stoppers. The stoppers are not leak proof, and wil | N8: 3 | O8: Clear, Cobalt Blue, Green | P8: 58 mm × 3 | R8: master truth × 3 | S8: OK
A9: 8 | B9: Apothecary | C9: 118 | D9: Ground | E9: Standard | F9: Pear | G9: 52.2 | I9: 77.3 | J9: 77.3 | K9: 27.4 | L9: GBPearClear4ozStpr | M9: Apothecary style 4oz Clear Pear Bottle with glass stopper. 118ml (3.99oz). Semi-automatic handmade bottle with proper fitting stopper. Not leak proof. For perfumes and fragrance oils. | N9: 1 | O9: Clear | P9: 52.2 mm × 1 | R9: none × 1 | S9: Check height | T9: a 27.4 x 52.2 mm glass holds about 18 ml, not 118 ml
A10: 9 | B10: Atomizer | C10: 5 | D10: 10mm | E10: Standard | G10: 92 | H10: 1 | I10: 104 | J10: 104 | K10: 15 | L10: GBAtom5SlimGl | M10: Gold slim atomizer design 5 ml bottle. For use with perfumes, Colognes, eau de Parfum. Refillable, travel size atomizer. Can be laser engraved and customized. Great for gifts and promotion. Price each | N10: 3 | O10: Black, Clear | P10: 92 mm × 3 | R10: master truth × 3 | S10: OK
A11: 10 | B11: Atomizer | C11: 5 | D11: 13-415 | E11: Standard | G11: 76 | H11: 1 | I11: 81 | J11: 104 | K11: 18 | L11: GBAtom5Gl | M11: Gold atomizer design 5 ml bottle. For use with perfumes, Colognes, eau de Parfum. Refillable, travel size atomizer. Can be laser engraved and customized. Great for gifts and promotion. Price each | N11: 9 | O11: Black, Clear, Cobalt Blue, Pink | P11: 76 mm × 9 | R11: master truth × 9 | S11: OK
A12: 11 | B12: Atomizer | C12: 10 | D12: 17mm | E12: Standard | G12: 82 | H12: 1 | I12: 89 | J12: 89 | K12: 23 | L12: GBAtom10Gl | M12: Gold atomizer design 10 ml bottle. For use with perfumes, Colognes, eau de Parfum. Refillable, travel size atomizer. Can be laser engraved and customized. Great for gifts and promotion. Price each | N12: 11 | O12: Black, Clear, Cobalt Blue, Green, Pink | P12: 82 mm × 11 | R12: master truth × 11 | S12: OK
A13: 12 | B13: Bell | C13: 10 | D13: 13-415 | E13: Standard | G13: 55 | H13: 1 | I13: 20 | J13: 66 | K13: 27 | L13: GBBell10BlkShSht | M13: Bell design 10ml Clear glass bottle with short shiny black cap. For use with perfume or fragrance oil, essential oils, aromatic oils and aromatherapy. Refillable, classic style bottle good for promotions and decants. Price each | N13: 4 | O13: Clear | P13: 55 mm × 4 | R13: master truth × 4 | S13: OK
A14: 13 | B14: Boston Round | C14: 15 | D14: 18-400 | E14: Standard | G14: 68 | H14: 1 | I14: 72 | J14: 91 | K14: 25 | L14: GBBstn15BlkCapSht | M14: Boston round design 15ml, 1/2 oz Clear glass bottle with short black cap. For use with Perfume oils, essential oils, diffuser oils and aromatherapy. Price each | N14: 16 | O14: Amber, Clear, Cobalt Blue | P14: 68 mm × 16 | R14: master truth × 16 | S14: OK
A15: 14 | B15: Boston Round | C15: 30 | D15: 20-400 | E15: Standard | G15: 78 | H15: 1 | I15: 78 | J15: 102 | K15: 33 | L15: GBBstn1ozBlkDrp | M15: Boston round design 30ml, 1oz Clear glass bottle with black dropper. For use with perfume oils, diffuser oils, serums, primers, facial oils or face oils, moisturizers, and beard oils. Price each | N15: 53 | O15: Amber, Clear, Cobalt Blue | P15: 68 mm × 1; 78 mm × 52 | Q15: GBBstn1ozBlkCapSht (68 mm) | R15: master truth × 52; none × 1 | S15: Heights disagree | T15: most common height used; fix the SKUs listed; all the odd ones are short-cap listings, possibly measured with the cap on
A16: 15 | B16: Boston Round | C16: 60 | D16: 20-400 | E16: Standard | G16: 94 | H16: 1 | I16: 110 | J16: 117 | K16: 39 | L16: GBBstn2ozBlkCapSht | M16: Boston round design 60ml, 2oz Clear glass bottle with short black cap. For use with Perfume oils, essential oils, diffuser oils and aromatherapy. Price each | N16: 55 | O16: Amber, Clear, Cobalt Blue | P16: 94 mm × 55 | R16: master truth × 54; none × 1 | S16: OK
A17: 16 | B17: Circle | C17: 15 | D17: 13-415 | E17: Standard | G17: 60 | H17: 1 | I17: 62 | J17: 80 | K17: 50 | L17: GBCrcl15BlkSht | M17: Circle design 15ml, 1/2oz Clear glass bottle with short black cap. For use with perfume or fragrance oil, essential oils, aromatic oils and aromatherapy. Refillable, classic style bottle good for promotions and decants. Price each | N17: 36 | O17: Clear | P17: 60 mm × 36 | R17: master truth × 30; none × 6 | S17: OK
A18: 17 | B18: Circle | C18: 30 | D18: 15-415 | E18: Standard | G18: 74 | H18: 1 | I18: 93 | J18: 100 | K18: 60 | L18: GBCrcl30GlCap | M18: Circle design 30 ml, clear glass bottle with shiny gold and cap. For use with cologne, perfume or fragrance oil, after shave and beard oils. Price each Classic, Circle design is a family of bottles availabel in many sizes. Price each | N18: 7 | O18: Clear | P18: 74 mm × 7 | R18: master truth × 7 | S18: OK
A19: 18 | B19: Circle | C19: 50 | D19: 18-400 | E19: Frosted | G19: 87 | H19: 1 | I19: 101 | J19: 101 | K19: 72 | L19: GBCrclFrst50RdcrIvyLthr | M19: Circle design 50 ml, 1.7oz frosted glass bottle with reducer and ivoryfaux leather cap. For use with cologne, aftershave, splash on, and perfume or fragrance oil, beard oils. Circle design is a famiily of bottles available in 15ml, 30ml, 50ml and 100ml | N19: 1 | O19: Frosted | P19: 87 mm × 1 | R19: master truth × 1 | S19: OK
A20: 19 | B20: Circle | C20: 50 | D20: 18-415 | E20: Frosted | G20: 87 | H20: 1 | I20: 91 | J20: 115 | K20: 72 | L20: GBCrclFrst50AnSpBlk | M20: Circle design 50 ml, 1.7oz frosted glass bottle with black vintage style bulb sprayer with shiny silver collar cap. For use with cologne, Eau de Parfum, air freshner, face and body spray, or room spray. Antique or vintage bulb sprayers enhance the beau | N20: 44 | O20: Frosted | P20: 87 mm × 44 | R20: master truth × 44 | S20: OK
A21: 20 | B21: Circle | C21: 50 | D21: 18-415 | E21: Standard | G21: 87 | H21: 1 | I21: 91 | J21: 115 | K21: 72 | L21: GBCrcl50AnSpBlk | M21: Circle design 50 ml, 1.7oz clear glass bottle with black vintage style bulb sprayer with shiny silver collar cap. For use with cologne, Eau de Parfum, air freshner, face and body spray, or room spray. Antique or vintage bulb sprayers enhance the beauty | N21: 46 | O21: Clear | P21: 87 mm × 46 | R21: master truth × 46 | S21: OK
A22: 21 | B22: Circle | C22: 100 | D22: 18-415 | E22: Frosted | G22: 105 | H22: 2 | I22: 109 | J22: 136 | K22: 89 | L22: GBCrclFrst100AnSpBlk | M22: Circle design 100 ml, 3 1/2oz frosted glass bottle with black vintage style bulb sprayer with shiny silver collar cap. For use with cologne, Eau de Parfum, air freshner, face and body spray, or room spray. Antique or vintage bulb sprayers enhance the bea | N22: 43 | O22: Frosted | P22: 105 mm × 43 | R22: master truth × 43 | S22: OK
A23: 22 | B23: Circle | C23: 100 | D23: 18-415 | E23: Standard | G23: 105 | H23: 2 | I23: 109 | J23: 136 | K23: 89 | L23: GBCrcl100AnSpBlk | M23: Circle design 100 ml, 3 1/2oz clear glass bottle with black vintage style bulb sprayer with shiny silver collar cap. For use with cologne, Eau de Parfum, air freshner, face and body spray, or room spray. Antique or vintage bulb sprayers enhance the bea | N23: 43 | O23: Clear | P23: 105 mm × 43 | R23: master truth × 43 | S23: OK
A24: 23 | B24: Cream Jar | C24: 3 | D24: 20mm | E24: Standard | G24: 18 | H24: 0.5 | I24: 24 | J24: 50 | K24: 35 | L24: CJBlu3 | M24: Plastic, cream jar style 3 ml bottle with blue cap. For use with body butters, creams, and thick lotions. Small trial or sample size. Great for promotions. Price each | N24: 2 | O24: n/a | P24: 18 mm × 1; 22 mm × 1 | Q24: CJClr3 (22 mm) | R24: master truth × 2 | S24: Heights disagree | T24: most common height used; fix the SKUs listed
A25: 24 | B25: Cream Jar | C25: 5 | D25: 27mm | E25: Standard | G25: 24 | H25: 0.5 | I25: 18 | J25: 28 | K25: 31 | L25: CJAmb5mlBlkCap | M25: Cream glass jar style 5 ml amber bottle with black cap. For use with body butters, creams, and thick lotions. Small trial or sample size. Great for promotions. Price each | N25: 2 | O25: n/a | P25: 16 mm × 1; 24 mm × 1 | Q25: CJClr5mlClrCap (16 mm) | R25: master truth × 2 | S25: Heights disagree | T25: most common height used; fix the SKUs listed
A26: 25 | B26: Cream Jar | C26: 5 | D26: PRESS-FIT | E26: Standard | G26: 24 | H26: 0.5 | I26: 28 | J26: 28 | K26: 31 | L26: CJAmb5mlSlCap | M26: Cream Jar 5 ml (0.17 oz) Amber Glass Silver Cap | N26: 1 | O26: Amber | P26: 24 mm × 1 | R26: master truth × 1 | S26: OK
A27: 26 | B27: Cream Jar | C27: 15 | D27: 37mm | E27: Standard | G27: 26 | H27: 0.5 | I27: 29 | J27: 31 | K27: 55 | L27: CJClr15Pnk | M27: Plastic, cream jar style 15 ml bottle with pink cap. For use with body butters, creams, and thick lotions. Small trial or sample size. Great for promotions. Price each | N27: 2 | O27: n/a | P27: 26 mm × 1; 31 mm × 1 | Q27: CJClr15Wht (31 mm) | R27: master truth × 2 | S27: Heights disagree | T27: most common height used; fix the SKUs listed
A28: 27 | B28: Cream Jar | C28: 20 | D28: 40mm | E28: Standard | G28: 33.9 | I28: 29 | J28: 29 | K28: 55 | L28: CJWhite20 | M28: Plastic, cream jar style 20 mlbottle with white cap. For use with body butters, creams, and thick lotions. Small trial or sample size. Great for promotions. Price each | N28: 1 | O28: n/a | P28: 33.9 mm × 1 | R28: master truth × 1 | S28: OK
A29: 28 | B29: Cream Jar | C29: 30 | D29: 45mm | E29: Standard | G29: 35 | H29: 0.5 | I29: 40 | J29: 40 | K29: 52 | L29: CJAmb30BlkCap | M29: Cream glass jar style 30 ml amber bottle with black cap. For use with body butters, creams, thick lotions. Price each | N29: 4 | O29: n/a | P29: 35 mm × 4 | R29: master truth × 4 | S29: OK
A30: 29 | B30: Cream Jar | C30: 40 | D30: 48/400 | E30: Standard | G30: 42 | H30: 0.5 | I30: 47 | J30: 47 | K30: 56 | L30: CJAmb40SlCap | M30: Glass, cream jar style 40 ml amber bottle with silver cap. For use with body butters, creams, thick lotions. Price each | N30: 4 | O30: n/a | P30: 42 mm × 4 | R30: master truth × 4 | S30: OK
A31: 30 | B31: Cream Jar | C31: 60 | D31: 58mm | E31: Standard | G31: 51 | H31: 1 | I31: 57 | J31: 57 | K31: 59 | L31: CreamJarFrstdPlsBlkPls2oz | M31: Frosted plastic Cream jar bottle with clear cap. Capacity: 63 ml | N31: 1 | O31: n/a | P31: 51 mm × 1 | R31: master truth × 1 | S31: OK
A32: 31 | B32: Cream Jar | C32: 63 | D32: 58mm | E32: Standard | G32: 51 | I32: 57 | J32: 57 | K32: 59 | L32: CJWhitePlsSlFr2oz | M32: White plastic cream jar with silver cap, capacity 63 ml | N32: 1 | O32: n/a | P32: 51 mm × 1 | R32: master truth × 1 | S32: OK
A33: 32 | B33: Cylinder | C33: 3.3 | D33: 12mm | E33: Standard | G33: 37 | H33: 0.5 | I33: 54 | J33: 54 | K33: 14 | L33: GBSpry3mlClBlk | M33: 3.3ml Clear Glass Bottle with Black Spray Pump and Clear Cap. Good for use as a sample. | N33: 2 | O33: Clear | P33: 37 mm × 2 | R33: master truth × 1; legacy exact × 1 | S33: OK
A34: 33 | B34: Cylinder | C34: 4 | D34: 12mm | E34: Standard | G34: 49 | H34: 0.5 | I34: 67 | J34: 67 | K34: 14 | L34: GBSpry4mlClBlk | M34: Clear Glass Bottle with Black Spray Pump and Clear Cap. Capacity: 4ml | N34: 2 | O34: Clear | P34: 49 mm × 2 | R34: master truth × 2 | S34: OK
A35: 34 | B35: Cylinder | C35: 5 | D35: 13-415 | E35: Standard | G35: 53 | H35: 1 | I35: 55 | J35: 80 | K35: 17 | L35: GBCyl5BlkSht | M35: 5 mL Clear Cylinder Bottle with Short Ribbed Black Cap | N35: 70 | O35: Clear, Cobalt Blue | P35: 53 mm × 65; 60 mm × 5 | Q35: GBCylBlu5CuSht (60 mm), GBCylBlu5GlMattSht (60 mm), GBCylBlu5GlSht (60 mm), GBCylBlu5SlMattSht (60 mm), GBCylBlu5SlSht (60 mm) | R35: master truth × 54; none × 11; legacy exact × 5 | S35: Heights disagree | T35: most common height used; fix the SKUs listed; all the odd ones are short-cap listings, possibly measured with the cap on
A36: 35 | B36: Cylinder | C36: 5.5 | D36: 13-415 | E36: Standard | G36: 53 | H36: 1 | I36: 72 | J36: 72 | K36: 17 | L36: GBCyl5SpryBlkMatt | M36: Cylinder design 5.5ml, 1/6oz Clear glass bottle with matte black spray. Fine mist sprayer for use with perfumes and colognes. Refillable, Small sized bottle for decants, promotion, samples and travel accessory. Price each | N36: 1 | O36: Clear | P36: 53 mm × 1 | R36: master truth × 1 | S36: OK | T36: same 53 mm glass as the 5 ml; listed separately as 5.5 ml
A37: 36 | B37: Cylinder | C37: 9 | D37: 13-415 | E37: Frosted | F37: Tall | G37: 106 | H37: 2 | I37: 109 | J37: 126 | K37: 18 | L37: GBTallCylFrst9BlkSht | M37: Tall cylinder design 9ml, 1/3oz frosted glass bottle with short black cap. For use with perfume or fragrance oil, essential oils, aromatic oils and aromatherapy. Refillable, slender bottle with attractive heavy base. Price each | N37: 36 | O37: Frosted | P37: 106 mm × 36 | R37: master truth × 29; none × 6; legacy exact × 1 | S37: OK
A38: 37 | B38: Cylinder | C38: 9 | D38: 13-415 | E38: Standard | F38: Tall | G38: 106 | H38: 2 | I38: 109 | J38: 126 | K38: 18 | L38: GBTallCyl9BlkSht | M38: Tall cylinder design 9ml, 1/3oz Clear glass bottle with short black cap. For use with perfume or fragrance oil, essential oils, aromatic oils and aromatherapy. Refillable, slender bottle with attractive heavy base. Price each | N38: 36 | O38: Clear | P38: 106 mm × 36 | R38: master truth × 30; none × 6 | S38: OK
A39: 38 | B39: Cylinder | C39: 9 | D39: 17-415 | E39: Frosted | G39: 74 | H39: 1 | I39: 87 | J39: 94 | K39: 21 | L39: GBCylFrst9MtlRollBlkDot | M39: Cylinder design 9ml,1/3 oz frosted glass bottle with metal roller ball plug and black dot cap. For use with perfume or fragrance oil, essential oils, aromatic oils and aromatherapy. Price each | N39: 29 | O39: Frosted | P39: 74 mm × 29 | R39: master truth × 20; legacy exact × 9 | S39: OK
A40: 39 | B40: Cylinder | C40: 9 | D40: 17-415 | E40: Standard | G40: 70 | H40: 1 | I40: 83 | J40: 98 | K40: 20 | L40: GBCyl9MtlRollBlkDot | M40: Cylinder design 9ml,1/3 oz clear glass bottle with metal roller ball plug and black dot cap. For use with perfume or fragrance oil, essential oils, aromatic oils and aromatherapy. Price each | N40: 87 | O40: Amber, Clear, Cobalt Blue | P40: 70 mm × 87 | R40: master truth × 60; legacy exact × 27 | S40: OK
A41: 40 | B41: Cylinder | C41: 9 | D41: 17-415 | E41: Swirl | G41: 74 | H41: 1 | I41: 87 | J41: 98 | K41: 21 | L41: GBCylSwrl9MtlRollBlkDot | M41: Cylinder swirl design 9ml,1/3 oz glass bottle with metal roller ball plug and black dot cap. For use with perfume or fragrance oil, essential oils, aromatic oils and aromatherapy. Price each | N41: 29 | O41: Swirl | P41: 74 mm × 29 | R41: master truth × 29 | S41: OK
A42: 41 | B42: Cylinder | C42: 25 | D42: 18-415 | E42: Standard | G42: 83 | H42: 1 | I42: 105 | J42: 109 | K42: 32 | L42: LBCyl25LtnCu | M42: Cylinder design 25ml clear glass bottle with matte copper lotion pump. For use with cologne, Eau de Parfum, air freshner, face and body spray, or room spray. Cylinder design is a family of bottles available in 25ml, 50ml and 100ml sizes. | N42: 45 | O42: Clear | P42: 83 mm × 15; blank × 30 | R42: none × 38; master truth × 7 | S42: Some SKUs blank | T42: 30 SKUs on this glass have no height recorded
A43: 42 | B43: Cylinder | C43: 28 | D43: 16mm | E43: Standard | G43: 81 | H43: 1 | I43: 100 | J43: 100 | K43: 31 | L43: GBCyl1ozRollWht | M43: Cylinder style 28 ml bottle with plastic roller ball plug and white cap. For use with fragrances, oils, massage oils, light lotions and ointments. Roll-on plug has a large roller ball. Price Each | N43: 4 | O43: Clear | P43: 81 mm × 4 | R43: master truth × 4 | S43: OK
A44: 43 | B44: Cylinder | C44: 30 | D44: 18-415 | E44: Standard | G44: 50.8 | I44: 70.7 | J44: 70.7 | K44: 42 | L44: GBSpry1ozGl | M44: Clear Glass Spray Bottle with Gold Top and Base. Capacity: 1oz (30ml) | N44: 2 | O44: Clear | P44: 50.8 mm × 2 | R44: master truth × 2 | S44: Check height | T44: GBSpry1ozGl is a slim 30 ml tube; 50.8 x 42 mm cannot be right
A45: 44 | B45: Cylinder | C45: 50 | D45: 16mm | E45: Standard | G45: 98 | H45: 1 | I45: 116 | J45: 116 | K45: 37 | L45: GBCyl50MtlRollBlk | M45: Cylinder style 50 ml bottle with metal roller ball plug and black cap. For use with fragrances, oils, massage oils, light lotions and ointments. Roll-on plug has a large roller ball. Price Each | N45: 4 | O45: Clear | P45: 98 mm × 4 | R45: master truth × 4 | S45: OK
A46: 45 | B46: Cylinder | C46: 50 | D46: 18-415 | E46: Standard | G46: 117 | H46: 2 | I46: 121 | J46: 142 | K46: 32 | L46: GBCyl50AnSpBlk | M46: Cylinder design 50 ml, 1.7oz clear glass bottle with black vintage style bulb sprayer with shiny silver collar cap. For use with cologne, Eau de Parfum, air freshner, face and body spray, or room spray. Antique or vintage bulb sprayers enhance the beau | N46: 43 | O46: Clear | P46: 117 mm × 43 | R46: master truth × 42; legacy exact × 1 | S46: OK
A47: 46 | B47: Cylinder | C47: 100 | D47: 18-415 | E47: Standard | G47: 154 | H47: 2 | I47: 173 | J47: 199 | K47: 35 | L47: GBCyl100AnSpBlk | M47: Cylinder design 100 ml, 3 1/2oz clear glass bottle with black vintage style bulb sprayer with shiny silver collar cap. For use with cologne, Eau de Parfum, air freshner, face and body spray, or room spray. Antique or vintage bulb sprayers enhance the b | N47: 43 | O47: Clear | P47: 154 mm × 43 | R47: master truth × 43 | S47: OK
A48: 47 | B48: Cylinder | C48: 114 | D48: — | E48: Standard | G48: 116 | H48: 2 | I48: 124 | J48: 124 | K48: 41 | L48: PbClear4ozFlpWh | M48: 114 mL Clear Plastic Cylinder Bottle with White Flip-Top Cap | N48: 1 | O48: Clear | P48: 116 mm × 1 | R48: legacy exact × 1 | S48: OK
A49: 48 | B49: Cylinder | C49: 227 | D49: — | E49: Standard | G49: 156 | H49: 2 | I49: 159 | J49: 159 | K49: 51 | L49: PbClear8ozFlpWh | M49: 227 mL Clear Plastic Cylinder Bottle with White Flip-Top Cap | N49: 1 | O49: Clear | P49: 156 mm × 1 | R49: legacy exact × 1 | S49: OK
A50: 49 | B50: Cylinder | C50: 454 | D50: — | E50: Standard | G50: 195 | H50: 2 | I50: 194 | J50: 194 | K50: 62 | L50: PbNat16ozFlpWh | M50: 454 mL Clear Plastic Cylinder Bottle with White Flip-Top Cap | N50: 1 | O50: Clear | P50: 195 mm × 1 | R50: legacy exact × 1 | S50: OK
A51: 50 | B51: Decorative | C51: 3 | D51: 14.3mm | E51: Standard | F51: Tola | G51: 42 | H51: 0.5 | I51: 53 | J51: 53 | K51: 18 | L51: GB3TPlGl | M51: Octagonal style 3 ml glass bottle with shiny gold cap and red bead. For use with perfume oil, aromatic oils, fragrance oils and attars. These bottles are traditionally called 'tola' bottles. Price each | N51: 1 | O51: Clear | P51: 42 mm × 1 | R51: master truth × 1 | S51: OK
A52: 51 | B52: Decorative | C52: 4 | D52: 8mm | E52: Frosted | F52: Heart | G52: 46 | H52: 0.5 | I52: 53 | J52: 53 | K52: 32 | L52: GBHeartFrst4KeyGld | M52: Heart design 4 ml, Frosted glass bottle with gold key chain. For use with perfume or fragrance oil, essential oil. Great for Valentines, gifts, promotions, and wedding and party favors. Price each | N52: 2 | O52: Frosted | P52: 46 mm × 2 | R52: master truth × 2 | S52: OK
A53: 52 | B53: Decorative | C53: 5 | D53: 17.52mm | E53: Standard | F53: Marble | G53: 66 | H53: 1 | I53: 87 | J53: 87 | K53: 26 | L53: GBMtlMrblSmall | M53: Marble bottle with Crystal Cap and glass applicator.Capacity: Approx 1/6oz (5ml) | N53: 1 | O53: Clear | P53: 66 mm × 1 | R53: master truth × 1 | S53: OK
A54: 53 | B54: Decorative | C54: 6 | D54: 14.3mm | E54: Standard | F54: Tola | G54: 48 | H54: 0.5 | I54: 59 | J54: 59 | K54: 22 | L54: GB6TPlGl | M54: Octagonal style 6 ml glass bottle with shiny gold cap and red bead. For use with perfume oil, aromatic oils, fragrance oils and attars. These bottles are traditionally called 'tola' bottles. Price each | N54: 1 | O54: Clear | P54: 48 mm × 1 | R54: master truth × 1 | S54: OK
A55: 54 | B55: Decorative | C55: 10 | D55: 17.52mm | E55: Standard | F55: Marble | G55: 80 | H55: 1 | I55: 102 | J55: 102 | K55: 28 | L55: GBMtlMrblLarge | M55: Marble bottle with Crystal Cap with glass applicator.Capacity: Approx 1/3oz (10ml | N55: 1 | O55: Clear | P55: 80 mm × 1 | R55: master truth × 1 | S55: OK
A56: 55 | B56: Decorative | C56: 32 | D56: Ground | E56: Standard | F56: Genie | G56: 77 | H56: 1 | I56: 105 | J56: 105 | K56: 42 | L56: GB1ozGenieCl | M56: Clear Genie glass bottle. Capacity: 1.14oz (32ml) | N56: 2 | O56: Clear, Cobalt Blue | P56: 77 mm × 2 | R56: master truth × 2 | S56: OK
A57: 56 | B57: Decorative | C57: 35 | D57: Ground | E57: Standard | F57: Eternal Flame | G57: 44 | H57: 0.5 | I57: 80 | J57: 82 | K57: 63 | L57: GBEternalFlameClear | M57: Clear glass bottle with ground glass neck and stopper.Capacity: Approx 1 1/4oz (35ml) | N57: 3 | O57: Clear, Cobalt Blue, Green | P57: 43 mm × 1; 44 mm × 2 | Q57: GBEternalFlameBlue (43 mm) | R57: master truth × 3 | S57: Heights disagree | T57: most common height used; fix the SKUs listed
A58: 57 | B58: Decorative | C58: 355 | D58: Ground | E58: Standard | F58: Pear | G58: 52.2 | I58: 192 | J58: 192 | K58: 92 | L58: GBCB12ozPear | M58: Pear shaped blue bottle with glass stopper. Capacity : 12oz (336ml) | N58: 1 | O58: Clear | P58: 52.2 mm × 1 | R58: master truth × 1 | S58: OK
A59: 58 | B59: Diamond | C59: 60 | D59: 18-415 | E59: Standard | G59: 88 | H59: 1 | I59: 92 | J59: 115 | K59: 39 | L59: GBDmnd2ozAnSpBlk | M59: Diamond design 60ml, 2 ounce clear glass bottle with black vintage style bulb sprayer with shiny silver collar cap. For use with cologne, Eau de Parfum, air freshner, face and body spray, or room spray. Antique or vintage bulb sprayers enhance the beau | N59: 43 | O59: Clear | P59: 88 mm × 43 | R59: none × 43 | S59: OK
A60: 59 | B60: Diva | C60: 30 | D60: 18-415 | E60: Standard | G60: 81 | H60: 1 | I60: 85 | J60: 109 | K60: 43 | L60: GBDiva30AnSpBlk | M60: Diva design 30 ml, 1oz clear glass bottle with black vintage style bulb sprayer with shiny silver collar cap. For use with cologne, Eau de Parfum, air freshner, face and body spray, or room spray. Antique or vintage bulb sprayers enhance the beauty of | N60: 34 | O60: Clear | P60: 81 mm × 34 | R60: master truth × 34 | S60: OK
A61: 60 | B61: Diva | C61: 46 | D61: 18-415 | E61: Frosted | G61: 89 | H61: 1 | I61: 93 | J61: 116 | K61: 49 | L61: GBDiva46DrpSl | M61: Diva design 46 ml bottle with white dropper with shiny silver collar cap, price each | N61: 44 | O61: Frosted | P61: 88 mm × 1; 89 mm × 43 | Q61: GBDivaFrst46AnSpWht (88 mm) | R61: master truth × 44 | S61: Heights disagree | T61: most common height used; fix the SKUs listed
A62: 61 | B62: Diva | C62: 46 | D62: 18-415 | E62: Standard | G62: 89 | H62: 1 | I62: 93 | J62: 116 | K62: 49 | L62: GBDiva46AnSpBlk | M62: Diva design 46 ml, 1.64oz clear glass bottle with black vintage style bulb sprayer with shiny silver collar cap. For use with cologne, Eau de Parfum, air freshner, face and body spray, or room spray. Antique or vintage bulb sprayers enhance the beauty | N62: 55 | O62: Clear | P62: 89 mm × 55 | R62: master truth × 55 | S62: OK
A63: 62 | B63: Diva | C63: 100 | D63: 18-415 | E63: Standard | G63: 113 | H63: 2 | I63: 117 | J63: 140 | K63: 64 | L63: GBDiva100AnSpBlk | M63: Diva design 100 ml, 3 1/2oz clear glass bottle with black vintage style bulb sprayer with shiny silver collar cap. For use with cologne, Eau de Parfum, air freshner, face and body spray, or room spray. Antique or vintage bulb sprayers enhance the beaut | N63: 43 | O63: Clear | P63: 113 mm × 43 | R63: master truth × 43 | S63: OK
A64: 63 | B64: Elegant | C64: 15 | D64: 13-415 | E64: Frosted | G64: 61 | H64: 1 | I64: 66 | J64: 95 | K64: 35 | L64: GBElgFrst15BlkShSht | M64: Elegant design 15ml, 1/2oz frosted glass bottle with short shiny black cap. | N64: 36 | O64: Frosted | P64: 61 mm × 31; 70 mm × 5 | Q64: GBElgFrst15CuSht (70 mm), GBElgFrst15GlMattSht (70 mm), GBElgFrst15GlSht (70 mm), GBElgFrst15SlMattSht (70 mm), GBElgFrst15SlSht (70 mm) | R64: master truth × 28; none × 8 | S64: Heights disagree | T64: most common height used; fix the SKUs listed; all the odd ones are short-cap listings, possibly measured with the cap on
A65: 64 | B65: Elegant | C65: 15 | D65: 13-415 | E65: Standard | G65: 61 | H65: 1 | I65: 63 | J65: 80 | K65: 36 | L65: GBElg15BlkSht | M65: Elegant design 15ml, 1/2oz Clear glass bottle with short black cap. For use with perfume or fragrance oil, essential oils, aromatic oils and aromatherapy. Refillable, classic style bottle good for promotions and decants. Price each | N65: 38 | O65: Clear | P65: 61 mm × 38 | R65: master truth × 31; none × 7 | S65: OK
A66: 65 | B66: Elegant | C66: 30 | D66: 15-415 | E66: Frosted | G66: 75 | H66: 1 | I66: 93 | J66: 100 | K66: 44 | L66: GBElgFrst30GlCap | M66: Elegant design 30 ml, Frosted glass bottle with shiny gold and cap. For use with cologne, perfume or fragrance oil, aftershave and beard oils. Price each Classic, Elegant design is a family of bottles availabel in many sizes. Price each | N66: 7 | O66: Frosted | P66: 75 mm × 7 | R66: master truth × 7 | S66: OK
A67: 66 | B67: Elegant | C67: 30 | D67: 15-415 | E67: Standard | G67: 75 | H67: 1 | I67: 93 | J67: 100 | K67: 44 | L67: GBElg30GlCap | M67: Elegant design 30 ml, clear glass bottle with shiny gold and cap. For use with cologne, perfume or fragrance oil, aftershave and beard oils. Price each Classic, Elegant design is a family of bottles availabel in many sizes. Price each | N67: 7 | O67: Clear | P67: 75 mm × 7 | R67: master truth × 7 | S67: OK
A68: 67 | B68: Elegant | C68: 60 | D68: 18-415 | E68: Frosted | G68: 86 | H68: 1 | I68: 90 | J68: 135 | K68: 54 | L68: GBElgFrst60AnSpBlk | M68: Elegant design 60 ml, 2oz frosted glass bottle with black vintage style bulb sprayer with shiny silver collar cap. For use with cologne, Eau de Parfum, air freshner, face and body spray, or room spray. Antique or vintage bulb sprayers enhance the beauty | N68: 47 | O68: Frosted | P68: 86 mm × 46; 86.9 mm × 1 | Q68: GBElgFrst60DrpSl (86.9 mm) | R68: master truth × 47 | S68: Heights disagree | T68: most common height used; fix the SKUs listed
A69: 68 | B69: Elegant | C69: 60 | D69: 18-415 | E69: Standard | G69: 86 | H69: 1 | I69: 90 | J69: 117 | K69: 54 | L69: GBElg60AnSpBlk | M69: Elegant design 60 ml, 2oz clear glass bottle with black vintage style bulb sprayer with shiny silver collar cap. For use with cologne, Eau de Parfum, air freshner, face and body spray, or room spray. Antique or vintage bulb sprayers enhance the beauty | N69: 47 | O69: Clear | P69: 86 mm × 45; 86.9 mm × 2 | Q69: GBElg60DrpGl (86.9 mm), GBElg60DrpSl (86.9 mm) | R69: master truth × 47 | S69: Heights disagree | T69: most common height used; fix the SKUs listed
A70: 69 | B70: Elegant | C70: 100 | D70: 18-415 | E70: Frosted | G70: 109 | H70: 2 | I70: 113 | J70: 137 | K70: 61 | L70: GBElgFrst100AnSpBlk | M70: Elegant design 100 ml, 3 1/2oz frosted glass bottle with black vintage style bulb sprayer with shiny silver collar cap. For use with cologne, Eau de Parfum, air freshner, face and body spray, or room spray. Antique or vintage bulb sprayers enhance the be | N70: 43 | O70: Frosted | P70: 109 mm × 43 | R70: master truth × 43 | S70: OK
A71: 70 | B71: Elegant | C71: 100 | D71: 18-415 | E71: Standard | G71: 109 | H71: 2 | I71: 113 | J71: 137 | K71: 61 | L71: GBElg100AnSpBlk | M71: Elegant design 100 ml, 3 1/2oz clear glass bottle with black vintage style bulb sprayer with shiny silver collar cap. For use with cologne, Eau de Parfum, air freshner, face and body spray, or room spray. Antique or vintage bulb sprayers enhance the be | N71: 44 | O71: Clear | P71: 109 mm × 44 | R71: master truth × 44 | S71: OK
A72: 71 | B72: Empire | C72: 50 | D72: 18-415 | E72: Standard | G72: 88 | H72: 1 | I72: 93 | J72: 121 | K72: 37 | L72: GBEmp50AnSpBlk | M72: Empire design 50 ml, 1.7oz clear glass bottle with black vintage style bulb sprayer with shiny silver collar cap. For use with cologne, Eau de Parfum, air freshner, face and body spray, or room spray. Antique or vintage bulb sprayers enhance the beauty | N72: 47 | O72: Clear | P72: 88 mm × 47 | R72: master truth × 47 | S72: OK
A73: 72 | B73: Empire | C73: 100 | D73: 18-415 | E73: Standard | G73: 107 | H73: 2 | I73: 110 | J73: 139 | K73: 46 | L73: GBEmp100AnSpBlk | M73: Empire design 100 ml, 3 1/2oz clear glass bottle with black vintage style bulb sprayer with shiny silver collar cap. For use with cologne, Eau de Parfum, air freshner, face and body spray, or room spray. Antique or vintage bulb sprayers enhance the bea | N73: 44 | O73: Clear | P73: 107 mm × 44 | R73: master truth × 44 | S73: OK
A74: 73 | B74: Flair | C74: 15 | D74: 13-415 | E74: Standard | G74: 56 | H74: 1 | I74: 58 | J74: 77 | K74: 41 | L74: GBFlair15BlkSht | M74: Flair design 15ml, 1/2oz Clear glass bottle with short black cap. For use with perfume or fragrance oil, essential oils, aromatic oils and aromatherapy. Refillable, classic style bottle good for promotions and decants. Price each | N74: 38 | O74: Clear | P74: 56 mm × 38 | R74: master truth × 30; none × 8 | S74: OK
A75: 74 | B75: Grace | C75: 55 | D75: 18-415 | E75: Standard | G75: 113 | H75: 2 | I75: 115 | J75: 141 | K75: 52 | L75: GBGrce55AnSpBlk | M75: Grace design 55 ml, 1.85oz clear glass bottle with black vintage style bulb sprayer with shiny silver collar cap. For use with cologne, Eau de Parfum, air freshner, face and body spray, or room spray. Antique or vintage bulb sprayers enhance the beauty | N75: 43 | O75: Clear | P75: 113 mm × 43 | R75: master truth × 43 | S75: OK
A76: 75 | B76: Lotion Bottle | C76: 3 | D76: snap | E76: Standard | G76: 118 | I76: 124 | J76: 124 | K76: 33 | L76: LB3mlClear | M76: Clear Plastic Lotion Bottle. Capacity: 3ml 1 dram) | N76: 1 | O76: Clear | P76: 118 mm × 1 | R76: none × 1 | S76: Check height | T76: a 33 x 118 mm glass holds about 61 ml, not 3 ml
A77: 76 | B77: Lotion Bottle | C77: 30 | D77: — | E77: Standard | G77: 118 | I77: 124 | J77: 124 | K77: 33 | L77: LB1ozGl | M77: Clear Glass Lotion Bottle with Gold Top and Base.Capacity: 1oz(30ml) | N77: 2 | O77: Clear | P77: 118 mm × 2 | R77: master truth × 2 | S77: OK
A78: 77 | B78: Lotion Bottle | C78: 30 | D78: 18mm | E78: Standard | G78: 118 | H78: 2 | I78: 124 | J78: 124 | K78: 33 | L78: LBMetalSilver1oz | M78: Silver metal shell and metal cap, refillable lotion bottle 1oz. | N78: 1 | O78: Clear | P78: 118 mm × 1 | R78: master truth × 1 | S78: OK
A79: 78 | B79: Pillar | C79: 9 | D79: 13-415 | E79: Standard | G79: 57 | H79: 1 | I79: 69 | J79: 70 | K79: 21 | L79: GBPillar9BlkShSht | M79: Pillar shaped 9ml, Clear glass bottle with black short cap. For use with perfume or fragrance oil, essential oils, aroma | N79: 3 | O79: Clear | P79: 57 mm × 3 | R79: master truth × 3 | S79: OK
A80: 79 | B80: Pillar | C80: 9 | D80: 17-415 | E80: Standard | G80: 57 | I80: 20 | J80: 20 | K80: 21 | L80: GBPillar9SpryBlkMatt | M80: Pillar design 9ml Clear glass bottle with matte black spray. Fine mist sprayer for use with perfumes and colognes. Refillable, classic style bottle good for promotions and decants. Price each | N80: 1 | O80: Clear | P80: 57 mm × 1 | R80: master truth × 1 | S80: OK
A81: 80 | B81: Plastic Bottle | C81: 10 | D81: — | E81: Standard | G81: 93.8 | I81: 74.8 | J81: 74.8 | K81: 23.7 | L81: PB10SpryNat | M81: Plastic Bottle with Clear Spray Top and Clear Cap. Capacity: 10ml (1/3oz) | N81: 1 | O81: n/a | P81: 93.8 mm × 1 | R81: none × 1 | S81: OK
A82: 81 | B82: Plastic Bottle | C82: 30 | D82: 13-415 | E82: Standard | G82: 68 | H82: 1 | I82: 82 | J82: 85 | K82: 23.7 | L82: PB1ozClearcap | M82: Clear Plastic Bottle With Clear Screw on Cap.Capacity: 1oz (30ml) | N82: 3 | O82: n/a | P82: 68 mm × 3 | R82: none × 3 | S82: OK
A83: 82 | B83: Rectangle | C83: 9 | D83: Ground | E83: Standard | G83: 47 | H83: 0.5 | I83: 64 | J83: 64 | K83: 24 | L83: GBSQSTBlue | M83: Blue glass rectangular shaped bottle with glass stopper. Capacity : 9ml (1/3oz) | N83: 3 | O83: Clear | P83: 47 mm × 3 | R83: master truth × 3 | S83: OK
A84: 83 | B84: Rectangle | C84: 10 | D84: 13-415 | E84: Standard | G84: 50 | H84: 0.5 | I84: 53 | J84: 71 | K84: 29 | L84: GBRect10BlkSht | M84: Footed rectangular design 10ml, 1/3oz Clear glass bottle with short black cap. For use with perfume or fragrance oil, essential oils, aromatic oils and aromatherapy. Refillable, classic style bottle good for promotions and decants. Price each | N84: 38 | O84: Clear | P84: 50 mm × 38 | R84: master truth × 30; none × 8 | S84: OK
A85: 84 | B85: Rectangle | C85: 10 | D85: 13-415 | E85: Standard | F85: Tall | G85: 101 | H85: 2 | I85: 106 | J85: 121 | K85: 17 | L85: GBTallRect10BlkSht | M85: Tall rectangular design 10ml, 1/3oz Clear glass bottle with short black cap. For use with perfume or fragrance oil, essential oils, aromatic oils and aromatherapy. Refillable, slender bottle with attractive heavy base. Price each | N85: 36 | O85: Clear | P85: 101 mm × 36 | R85: master truth × 30; none × 6 | S85: OK
A86: 85 | B86: Round | C86: 78 | D86: 18-415 | E86: Frosted | G86: 73 | H86: 1 | I86: 77 | J86: 131 | K86: 59 | L86: GBRndFrst78AnSpBlk | M86: Round design 78 ml, 2.65oz frosted glass bottle with black vintage style bulb sprayer with shiny silver collar cap. For use with cologne, Eau de Parfum, air freshner, face and body spray, or room spray. Antique or vintage bulb sprayers enhance the beauty | N86: 43 | O86: Frosted | P86: 73 mm × 42; 100 mm × 1 | Q86: GBRndFrst78AnSpWht (100 mm) | R86: none × 43 | S86: Heights disagree | T86: most common height used; fix the SKUs listed
A87: 86 | B87: Round | C87: 78 | D87: 18-415 | E87: Standard | G87: 73 | H87: 1 | I87: 77 | J87: 131 | K87: 59 | L87: GBRnd78AnSpBlk | M87: Round design 78 ml, 2.65oz clear glass bottle with black vintage style bulb sprayer with shiny silver collar cap. For use with cologne, Eau de Parfum, air freshner, face and body spray, or room spray. Antique or vintage bulb sprayers enhance the beauty | N87: 43 | O87: Clear | P87: 73 mm × 42; 100 mm × 1 | Q87: GBRnd78AnSpWht (100 mm) | R87: none × 43 | S87: Heights disagree | T87: most common height used; fix the SKUs listed
A88: 87 | B88: Round | C88: 128 | D88: 18-415 | E88: Frosted | G88: 83 | H88: 1 | I88: 87 | J88: 135 | K88: 69 | L88: GBRndFrst128AnSpBlk | M88: Round design 128 ml, 4.33oz frosted glass bottle with black vintage style bulb sprayer with shiny silver collar cap. For use with cologne, Eau de Parfum, air freshner, face and body spray, or room spray. Antique or vintage bulb sprayers enhance the beaut | N88: 46 | O88: Frosted | P88: 78.7 mm × 1; 83 mm × 43; 83.6 mm × 1; 110 mm × 1 | Q88: GBRndFrst128AnSpWht (110 mm), GBRndFrst128DrpGl (78.7 mm), GBRndFrst128DrpSl (83.6 mm) | R88: none × 46 | S88: Heights disagree | T88: most common height used; fix the SKUs listed
A89: 88 | B89: Round | C89: 128 | D89: 18-415 | E89: Standard | G89: 83 | H89: 1 | I89: 87 | J89: 135 | K89: 69 | L89: GBRnd128AnSpBlk | M89: Round design 128 ml, 4.33oz clear glass bottle with black vintage style bulb sprayer with shiny silver collar cap. For use with cologne, Eau de Parfum, air freshner, face and body spray, or room spray. Antique or vintage bulb sprayers enhance the beaut | N89: 46 | O89: Clear | P89: 83 mm × 43; 83.6 mm × 2; 110 mm × 1 | Q89: GBRnd128AnSpWht (110 mm), GBRnd128DrpGl (83.6 mm), GBRnd128DrpSl (83.6 mm) | R89: none × 46 | S89: Heights disagree | T89: most common height used; fix the SKUs listed
A90: 89 | B90: Royal | C90: 13 | D90: 13-415 | E90: Standard | G90: 56 | H90: 1 | I90: 58 | J90: 76 | K90: 43.7 | L90: GBRoyal13BlkShSht | M90: Royal design 13ml, 1/2oz Clear glass bottle with short shiny black cap. | N90: 37 | O90: Clear | P90: 56 mm × 37 | R90: none × 37 | S90: OK
A91: 90 | B91: Royal | C91: 14 | D91: 11mm | E91: Standard | G91: 64 | H91: 1 | I91: 92 | J91: 92 | K91: 43.7 | L91: GBMtlCylGl | M91: Royal cylinder bottle with Crystal Cap with glass applicator.Capacity: Approx 14ml | N91: 1 | O91: Clear | P91: 64 mm × 1 | R91: none × 1 | S91: OK
A92: 91 | B92: Sleek | C92: 5 | D92: 13-415 | E92: Standard | G92: 45 | H92: 0.5 | I92: 47 | J92: 64 | K92: 17 | L92: GBSleek5BlkSht | M92: Sleek design 5ml, 1/6oz Clear glass bottle with short black cap. For use with perfume or fragrance oil, essential oils, aromatic oils and aromatherapy. Refillable, Small sized bottle for decants, promotion, samples and travel accessory. Price each | N92: 36 | O92: Clear | P92: 45 mm × 36 | R92: master truth × 30; none × 6 | S92: OK
A93: 92 | B93: Sleek | C93: 8 | D93: 13-415 | E93: Standard | G93: 66 | H93: 1 | I93: 62 | J93: 86 | K93: 17 | L93: GBSleek8BlkSht | M93: Sleek design 8ml, 1/3oz Clear glass bottle with short black cap. For use with perfume or fragrance oil, essential oils, aromatic oils and aromatherapy. Refillable, Small sized bottle for decants, promotion, samples and travel accessory. Price each | N93: 36 | O93: Clear | P93: 66 mm × 36 | R93: master truth × 30; none × 6 | S93: OK
A94: 93 | B94: Sleek | C94: 30 | D94: 18-415 | E94: Standard | G94: 98 | H94: 1 | I94: 102 | J94: 171 | K94: 28 | L94: GBSlk30AnSpBlk | M94: Sleek design 30 ml, 1oz clear glass bottle with black vintage style bulb sprayer with shiny silver collar cap. For use with cologne, Eau de Parfum, air freshner, face and body spray, or room spray. Antique or vintage bulb sprayers enhance the beauty of | N94: 38 | O94: Clear | P94: 98 mm × 38 | R94: master truth × 38 | S94: OK
A95: 94 | B95: Sleek | C95: 50 | D95: 18-415 | E95: Standard | G95: 139 | H95: 2 | I95: 143 | J95: 171 | K95: 28 | L95: GBSlk50AnSpBlk | M95: Sleek design 50 ml, 1.7oz clear glass bottle with black vintage style bulb sprayer with shiny silver collar cap. For use with cologne, Eau de Parfum, air freshner, face and body spray, or room spray. Antique or vintage bulb sprayers enhance the beauty | N95: 44 | O95: Clear | P95: 139 mm × 44 | R95: master truth × 44 | S95: OK
A96: 95 | B96: Sleek | C96: 100 | D96: 18-415 | E96: Standard | G96: 149 | H96: 2 | I96: 178 | J96: 199 | K96: 36 | L96: GBSlk100AnSpBlk | M96: Sleek design 100 ml, 3 1/2oz clear glass bottle with black vintage style bulb sprayer with shiny silver collar cap. For use with cologne, Eau de Parfum, air freshner, face and body spray, or room spray. Antique or vintage bulb sprayers enhance the beau | N96: 44 | O96: Clear | P96: 149 mm × 44 | R96: master truth × 44 | S96: OK
A97: 96 | B97: Slim | C97: 30 | D97: 18-415 | E97: Standard | G97: 87 | H97: 1 | I97: 91 | J97: 115 | K97: 30 | L97: GBSlm30AnSpBlk | M97: Slim design 30 ml, 1oz clear glass bottle with black vintage style bulb sprayer with shiny silver collar cap. For use with cologne, Eau de Parfum, air freshner, face and body spray, or room spray. Antique or vintage bulb sprayers enhance the beauty of | N97: 37 | O97: Clear | P97: 87 mm × 37 | R97: master truth × 37 | S97: OK
A98: 97 | B98: Slim | C98: 50 | D98: 18-415 | E98: Standard | G98: 121 | H98: 2 | I98: 110 | J98: 147 | K98: 31 | L98: GBSlm50AnSpBlk | M98: Slim design 50 ml, 1.7oz clear glass bottle with black vintage style bulb sprayer with shiny silver collar cap. For use with cologne, Eau de Parfum, air freshner, face and body spray, or room spray. Antique or vintage bulb sprayers enhance the beauty o | N98: 43 | O98: Clear | P98: 121 mm × 43 | R98: master truth × 43 | S98: OK
A99: 98 | B99: Slim | C99: 100 | D99: 18-415 | E99: Standard | G99: 154 | H99: 2 | I99: 145 | J99: 197 | K99: 37 | L99: GBSlm100AnSpBlk | M99: Slim design 100 ml, 3 1/2oz clear glass bottle with black vintage style bulb sprayer with shiny silver collar cap. For use with cologne, Eau de Parfum, air freshner, face and body spray, or room spray. Antique or vintage bulb sprayers enhance the beaut | N99: 43 | O99: Clear | P99: 154 mm × 43 | R99: master truth × 43 | S99: OK
A100: 99 | B100: Square | C100: 15 | D100: 13-415 | E100: Standard | G100: 52 | H100: 1 | I100: 55 | J100: 73 | K100: 26 | L100: GBSqr15BlkSht | M100: Square design 15ml, 1/2oz Clear glass bottle with short black cap. For use with perfume or fragrance oil, essential oils, aromatic oils and aromatherapy. Refillable, classic style bottle good for promotions and decants. Price each | N100: 34 | O100: Clear | P100: 52 mm × 34 | R100: master truth × 29; none × 5 | S100: OK
...

Sheet All SKUs
A1: Body # | B1: Family | C1: Capacity (ml) | D1: Neck finish | E1: Glass finish | F1: Glass colour | G1: Applicator | H1: Cap colour | I1: Cap height | J1: Height without cap (mm) | K1: Height with cap (mm) | L1: Diameter (mm) | M1: Height as recorded | N1: Measurement source | O1: Website SKU | P1: Grace SKU | Q1: Product
A2: 1 | B2: Aluminum Bottle | C2: 65 | D2: 20-410 | E2: Standard | H2: Black | J2: 94 | K2: 130 | L2: 36 | M2: 94 ±1 mm | N2: master truth 2026-07-12 | O2: Alu65mlLotionPumpBlack | P2: AB-ALU-CLR-65ML-LPM-BLK | Q2: Cylinder shaped, brushed aluminum 65 ml bottle with lotion black. For use with lotion or treatment pump. Price Each
A3: 1 | B3: Aluminum Bottle | C3: 65 | D3: 20-410 | E3: Standard | H3: White | J3: 94 | K3: 127 | L3: 36 | M3: 94 ±1 mm | N3: master truth 2026-07-12 | O3: Alu65mlLotionPumpWhite | P3: AB-CYL-WHT-65ML-LPM-WHT | Q3: Cylinder shaped, brushed aluminum 65 ml bottle with lotion white. For use with lotion or treatment pump. Price Each
A4: 2 | B4: Aluminum Bottle | C4: 100 | D4: 20-410 | E4: Standard | H4: Black | J4: 127.8 | K4: 150 | L4: 50 | M4: 127.8 | N4: none | O4: Alu100mlSprayBlack | P4: AB-ALU-CLR-100ML-SPR-BLK | Q4: Cylinder shaped, matte aluminum 100 ml bottle with black sprayer. For use with cologne, perfume, air freshner, face and body spray, or room spray. Price Each
A5: 3 | B5: Aluminum Bottle | C5: 120 | D5: 20-410 | E5: Standard | H5: Black | J5: 114 | K5: 147 | L5: 45 | M5: 114 ±2 mm | N5: master truth 2026-07-12 | O5: Alu120mlLotionPumpBlack | P5: AB-ALU-CLR-120ML-LPM-BLK | Q5: Cylinder shaped, brushed aluminum 120 ml bottle with lotion black. For use with lotion or treatment pump. Price Each
A6: 3 | B6: Aluminum Bottle | C6: 120 | D6: 20-410 | E6: Standard | H6: White | J6: 114 | K6: 147 | L6: 45 | M6: 114 ±2 mm | N6: master truth 2026-07-12 | O6: Alu120mlLotionPumpWhite | P6: AB-ALU-CLR-120ML-LPM-WHT | Q6: Cylinder shaped, brushed aluminum 120 ml bottle with lotion white. For use with lotion or treatment pump. Price Each
A7: 4 | B7: Aluminum Bottle | C7: 250 | D7: 20-410 | E7: Standard | F7: Clear | G7: Fine Mist Sprayer | H7: Black | J7: 127.8 | K7: 180 | L7: 60 | M7: 127.8 | N7: master truth 2026-07-12 | O7: Alu250mlSprayBlack | P7: AB-ALU-CLR-250ML-SPR-BLK | Q7: Aluminum Bottle 250 ml (8.45 oz) Clear Aluminum Bottle with Sprayer Black Cap
A8: 5 | B8: Aluminum Bottle | C8: 500 | D8: 20-410 | E8: Standard | H8: Clear | J8: 178 | K8: 186 | L8: 74 | M8: 178 ±2 mm | N8: master truth 2026-07-12 | O8: Alu500 | P8: AB-ALU-CLR-500ML | Q8: Cylinder shaped, aluminum 500 ml bottle with white plug and tear off cap. For use with perfume oil, aromatic oils, fragrance oils and attars. Price Each
A9: 6 | B9: Apothecary | C9: 15 | D9: Ground | E9: Standard | F9: Cobalt Blue | G9: Glass Stopper | H9: Blue | J9: 58 | K9: 82 | L9: 30 | M9: 58 ±1 mm | N9: master truth 2026-07-12 | O9: GB15ApthBlue | P9: GB-APT-BLU-15ML-BLU-T | Q9: Apothecary style 15 ml blue glass bottle with blue glass stopper. For use with perfume or fragrance oil, essential oil, aromatherapy. Good for displaying products. These are hand made bottles with ground glass stoppers. The stoppers are not leak proof,
A10: 7 | B10: Apothecary | C10: 30 | D10: Ground | E10: Standard | F10: Clear | G10: Glass Stopper | H10: Clear | J10: 58 | K10: 98 | L10: 37 | M10: 58 | N10: master truth 2026-07-12 | O10: GB1ozApth | P10: GB-APT-CLR-30ML-T | Q10: Apothecary style 30ml clear glass bottle with glass stopper. For use with perfume or fragrance oil, essential oil, aromatherapy. Good for displaying products. These are hand made bottles with ground glass stoppers. The stoppers are not leak proof, and wil
A11: 7 | B11: Apothecary | C11: 30 | D11: Ground | E11: Standard | F11: Cobalt Blue | G11: Glass Stopper | H11: Blue | J11: 58 | K11: 98 | L11: 37 | M11: 58 | N11: master truth 2026-07-12 | O11: GB1ozApthBlue | P11: GB-APT-BLU-30ML-BLU-T | Q11: Apothecary style 30ml blue glass bottle with blue glass stopper. For use with perfume or fragrance oil, essential oil, aromatherapy. Good for displaying products. These are hand made bottles with ground glass stoppers. The stoppers are not leak proof, and
A12: 7 | B12: Apothecary | C12: 30 | D12: Ground | E12: Standard | F12: Green | G12: Glass Stopper | H12: Green | J12: 58 | K12: 98 | L12: 37 | M12: 58 | N12: master truth 2026-07-12 | O12: GB1ozApthGreen | P12: GB-APT-GRN-30ML-GRN-T | Q12: Apothecary style 30ml green glass bottle with green glass stopper. For use with perfume or fragrance oil, essential oil, aromatherapy. Good for displaying products. These are hand made bottles with ground glass stoppers. The stoppers are not leak proof, a
A13: 8 | B13: Apothecary | C13: 118 | D13: Ground | E13: Standard | F13: Clear | H13: Clear | J13: 52.2 | K13: 77.3 | L13: 27.4 | M13: 52.2 | N13: none | O13: GBPearClear4ozStpr | P13: GB-DEC-CLR-118ML | Q13: Apothecary style 4oz Clear Pear Bottle with glass stopper. 118ml (3.99oz). Semi-automatic handmade bottle with proper fitting stopper. Not leak proof. For perfumes and fragrance oils.
A14: 9 | B14: Atomizer | C14: 5 | D14: 10mm | E14: Standard | F14: Black | G14: Atomizer | H14: Black | J14: 92 | K14: 104 | L14: 15 | M14: 92 ±1 mm | N14: master truth 2026-07-12 | O14: GBAtom5SlimBlk | P14: GB-SLM-BLK-5ML-ATM-BLK-T | Q14: Black slim atomizer design 5 ml bottle. For use with perfumes, Colognes, eau de Parfum. Refillable, travel size atomizer. Can be laser engraved and customized. Great for gifts and promotion. Price each
A15: 9 | B15: Atomizer | C15: 5 | D15: 10mm | E15: Standard | F15: Clear | G15: Atomizer | H15: Gold | J15: 92 | K15: 104 | L15: 15 | M15: 92 ±1 mm | N15: master truth 2026-07-12 | O15: GBAtom5SlimGl | P15: GB-SLM-CLR-5ML-ATM-GLD-T | Q15: Gold slim atomizer design 5 ml bottle. For use with perfumes, Colognes, eau de Parfum. Refillable, travel size atomizer. Can be laser engraved and customized. Great for gifts and promotion. Price each
A16: 9 | B16: Atomizer | C16: 5 | D16: 10mm | E16: Standard | F16: Clear | G16: Atomizer | H16: Silver | J16: 92 | K16: 104 | L16: 15 | M16: 92 ±1 mm | N16: master truth 2026-07-12 | O16: GBAtom5SlimSl | P16: GB-SLM-CLR-5ML-ATM-SLV-T | Q16: Silver slim atomizer design 5 ml bottle. For use with perfumes, Colognes, eau de Parfum. Refillable, travel size atomizer. Can be laser engraved and customized. Great for gifts and promotion. Price each
A17: 10 | B17: Atomizer | C17: 5 | D17: 13-415 | E17: Standard | F17: Black | G17: Atomizer | H17: Black | J17: 76 | K17: 81 | L17: 18 | M17: 76 ±1 mm | N17: master truth 2026-07-12 | O17: GBAtom5Blk | P17: GB-CYL-BLK-5ML-ATM-BLK | Q17: Black atomizer design 5 ml bottle. For use with perfumes, Colognes, eau de Parfum. Refillable, travel size atomizer. Can be laser engraved and customized. Great for gifts and promotion. Price each
A18: 10 | B18: Atomizer | C18: 5 | D18: 13-415 | E18: Standard | F18: Black | G18: Atomizer | H18: Black | J18: 76 | K18: 81 | L18: 18 | M18: 76 ±1 mm | N18: master truth 2026-07-12 | O18: GBAtom5BlkDot | P18: GB-CYL-BLK-5ML-ATM-BLK-02 | Q18: Black atomizer design 5 ml bottle with dots.
A19: 10 | B19: Atomizer | C19: 5 | D19: 13-415 | E19: Standard | F19: Cobalt Blue | G19: Atomizer | H19: Blue | J19: 76 | K19: 81 | L19: 18 | M19: 76 ±1 mm | N19: master truth 2026-07-12 | O19: GBAtom5Blu | P19: GB-CYL-BLU-5ML-ATM-BLU | Q19: Blue atomizer design 5 ml bottle. For use with perfumes, Colognes, eau de Parfum. Refillable, travel size atomizer. Can be laser engraved and customized. Great for gifts and promotion. Price each
A20: 10 | B20: Atomizer | C20: 5 | D20: 13-415 | E20: Standard | F20: Clear | G20: Atomizer | H20: Gold | J20: 76 | K20: 81 | L20: 18 | M20: 76 ±1 mm | N20: master truth 2026-07-12 | O20: GBAtom5Gl | P20: GB-CYL-CLR-5ML-ATM-GLD | Q20: Gold atomizer design 5 ml bottle. For use with perfumes, Colognes, eau de Parfum. Refillable, travel size atomizer. Can be laser engraved and customized. Great for gifts and promotion. Price each
A21: 10 | B21: Atomizer | C21: 5 | D21: 13-415 | E21: Standard | F21: Pink | G21: Atomizer | H21: Pink | J21: 76 | K21: 81 | L21: 18 | M21: 76 ±1 mm | N21: master truth 2026-07-12 | O21: GBAtom5PnkDot | P21: GB-CYL-PNK-5ML-ATM-PNK-02 | Q21: Pink atomizer design 5 ml bottle with dots.
A22: 10 | B22: Atomizer | C22: 5 | D22: 13-415 | E22: Standard | F22: Clear | G22: Atomizer | H22: Red | J22: 76 | K22: 81 | L22: 18 | M22: 76 ±1 mm | N22: master truth 2026-07-12 | O22: GBAtom5Red | P22: GB-CYL-CLR-5ML-ATM-RED | Q22: Red atomizer design 5 ml bottle. For use with perfumes, Colognes, eau de Parfum. Refillable, travel size atomizer. Can be laser engraved and customized. Great for gifts and promotion. Price each
A23: 10 | B23: Atomizer | C23: 5 | D23: 13-415 | E23: Standard | F23: Clear | G23: Atomizer | H23: Silver | J23: 76 | K23: 81 | L23: 18 | M23: 76 ±1 mm | N23: master truth 2026-07-12 | O23: GBAtom5Sl | P23: GB-CYL-CLR-5ML-ATM-SLV-01 | Q23: Silver atomizer design 5 ml bottle. For use with perfumes, Colognes, eau de Parfum. Refillable, travel size atomizer. Can be laser engraved and customized. Great for gifts and promotion. Price each
A24: 10 | B24: Atomizer | C24: 5 | D24: 13-415 | E24: Standard | F24: Clear | G24: Atomizer | H24: Silver | J24: 76 | K24: 104 | L24: 18 | M24: 76 ±1 mm | N24: master truth 2026-07-12 | O24: GBAtom5SlDot | P24: GB-CYL-CLR-5ML-ATM-SLV-02 | Q24: Silver atomizer and sprayer with dots, design 5 ml bottle with dots. For use with perfumes, Colognes, eau de Parfum. Refillable, travel size atomizer. Can be laser engraved and customized. Great for gifts and promotion. Price each
A25: 10 | B25: Atomizer | C25: 5 | D25: 13-415 | E25: Standard | F25: Clear | G25: Atomizer | H25: Silver | J25: 76 | K25: 81 | L25: 18 | M25: 76 ±1 mm | N25: master truth 2026-07-12 | O25: GBAtom5SlStars | P25: GB-CYL-CLR-5ML-ATM-SLV-03 | Q25: Silver atomizer design 5 ml bottle with star patterns. For use with perfumes, Colognes, eau de Parfum. Refillable, travel size atomizer. Can be laser engraved and customized. Great for gifts and promotion. Price each
... A40: 12 | B40: Bell | C40: 10 | D40: 13-415 | E40: Standard | F40: Clear | G40: Fine Mist Sprayer | H40: Shiny Black | J40: 55 | K40: 20 | L40: 27 | M40: 55 ±1 mm | N40: master truth 2026-07-12 | O40: GBBell10SpryBlkSh | P40: GB-BEL-CLR-10ML-SPR-SBLK | Q40: Bell design 10ml Clear glass bottle with shiny black spray. Fine mist sprayer for use with perfumes and colognes. Refillable, classic style bottle good for promotions and decants. Price each
A41: 13 | B41: Boston Round | C41: 15 | D41: 18-400 | E41: Standard | F41: Clear | H41: Black | J41: 68 | K41: 72 | L41: 25 | M41: 68 ±1 mm | N41: master truth 2026-07-12 | O41: GBBstn15BlkCapSht | P41: GB-BSR-CLR-15ML-BLK-S | Q41: Boston round design 15ml, 1/2 oz Clear glass bottle with short black cap. For use with Perfume oils, essential oils, diffuser oils and aromatherapy. Price each
A42: 13 | B42: Boston Round | C42: 15 | D42: 18-400 | E42: Standard | F42: Clear | G42: N/A | J42: 68 | K42: 91 | L42: 25 | M42: 68 ±1 mm Item Diameter: 25 ±0. | N42: master truth 2026-07-12 | O42: GBBstn15BlkDrp | P42: GB-BSR-CLR-15ML-DRP-BLK | Q42: Boston round design 15ml, 1/2 oz Clear glass bottle with a black dropper. For use with perfume oils, diffuser oils, ser
A43: 13 | B43: Boston Round | C43: 15 | D43: 18-400 | E43: Standard | F43: Amber | H43: Black | J43: 68 | K43: 72 | L43: 25 | M43: 68 ±1 mm | N43: master truth 2026-07-12 | O43: GBBstnAmb15mlBlkCapSht | P43: GB-BSR-AMB-15ML-BLK-S | Q43: Boston round design 15ml, 1/2 oz Amber glass bottle with short black cap. For use with Perfume oils, essential oils, diffuser oils and aromatherapy. Price each
A44: 13 | B44: Boston Round | C44: 15 | D44: 18-400 | E44: Standard | F44: Amber | G44: Dropper | H44: Black | J44: 68 | K44: 91 | L44: 25 | M44: 68 ±1 mm | N44: master truth 2026-07-12 | O44: GBBstnAmb15mlBlkDropper | P44: GB-BSR-AMB-15ML-BLK-T-01 | Q44: Boston round design 15ml, 1/2 oz Amber glass bottle with a black dropper. For use with perfume oils, diffuser oils, serums, primers, facial oils or face oils, moisturizers, and beard oils. Price each
A45: 13 | B45: Boston Round | C45: 15 | D45: 18-400 | E45: Standard | F45: Amber | G45: Dropper | H45: Black | J45: 68 | K45: 91 | L45: 25 | M45: 68 ±1 mm | N45: master truth 2026-07-12 | O45: GBBstnAmb15mlBlkDropperGlTrim | P45: GB-BSR-AMB-15ML-BLK-T-02 | Q45: Boston round design 15ml, 1/2 oz Amber glass bottle with black dropper with a shiny gold trim cap. For use with perfume oils, diffuser oils, serums, primers, facial oils or face oils, moisturizers, and beard oils. Price each
A46: 13 | B46: Boston Round | C46: 15 | D46: 18-400 | E46: Standard | F46: Amber | G46: Dropper | H46: Black | J46: 68 | K46: 91 | L46: 25 | M46: 68 ±1 mm | N46: master truth 2026-07-12 | O46: GBBstnAmb15mlBlkDropperSlTrim | P46: GB-BSR-AMB-15ML-BLK-T-03 | Q46: Boston round design 15ml, 1/2 oz Amber glass bottle and black dropper with a shiny silver trim cap. For use with perfume oils, diffuser oils, serums, primers, facial oils or face oils, moisturizers, and beard oils. Price each
A47: 13 | B47: Boston Round | C47: 15 | D47: 18-400 | E47: Standard | F47: Amber | G47: Dropper | H47: White | J47: 68 | K47: 91 | L47: 25 | M47: 68 ±1 mm | N47: master truth 2026-07-12 | O47: GBBstnAmb15mlWhtDropper | P47: GB-BSR-AMB-15ML-WHT-T-01 | Q47: Boston round design 15ml, 1/2 oz Amber glass bottle with a white dropper. For use with perfume oils, diffuser oils, serums, primers, facial oils or face oils, moisturizers, and beard oils. Price each
A48: 13 | B48: Boston Round | C48: 15 | D48: 18-400 | E48: Standard | F48: Amber | G48: Dropper | H48: White | J48: 68 | K48: 91 | L48: 25 | M48: 68 ±1 mm | N48: master truth 2026-07-12 | O48: GBBstnAmb15mlWhtDropperGlTrim | P48: GB-BSR-AMB-15ML-WHT-T-02 | Q48: Boston round design 15ml, 1/2 oz Amber glass bottle and white dropper with a shiny gold trim cap. For use with perfume oils, diffuser oils, serums, primers, facial oils or face oils, moisturizers, and beard oils. Price each
A49: 13 | B49: Boston Round | C49: 15 | D49: 18-400 | E49: Standard | F49: Amber | G49: Dropper | H49: White | J49: 68 | K49: 91 | L49: 25 | M49: 68 ±1 mm | N49: master truth 2026-07-12 | O49: GBBstnAmb15mlWhtDropperSlTrim | P49: GB-BSR-AMB-15ML-WHT-T-03 | Q49: Boston round design 15ml, 1/2 oz Amber glass bottle and white dropper with a shiny silver trim cap. For use with perfume oils, diffuser oils, serums, primers, facial oils or face oils, moisturizers, and beard oils. Price each
A50: 13 | B50: Boston Round | C50: 15 | D50: 18-400 | E50: Standard | F50: Cobalt Blue | H50: Black | J50: 68 | K50: 72 | L50: 25 | M50: 68 ±1 mm | N50: master truth 2026-07-12 | O50: GBBstnBlu15BlkCapSht | P50: GB-BSR-CBL-15ML-BLK-S | Q50: Boston round design 15ml, 1/2 oz Cobalt blue glass bottle with short black cap. For use with Perfume oils, essential oils, diffuser oils and aromatherapy. Price each
A51: 13 | B51: Boston Round | C51: 15 | D51: 18-400 | E51: Standard | F51: Cobalt Blue | G51: Dropper | H51: Black | J51: 68 | K51: 91 | L51: 25 | M51: 68 ±1 mm | N51: master truth 2026-07-12 | O51: GBBstnBlu15BlkDrpr | P51: GB-BSR-CBL-15ML-BLK-T-01 | Q51: Boston round design 15ml, 1/2 oz Cobalt blue glass bottle with a black dropper. For use with perfume oils, diffuser oils, serums, primers, facial oils or face oils, moisturizers, and beard oils. Price each
A52: 13 | B52: Boston Round | C52: 15 | D52: 18-400 | E52: Standard | F52: Cobalt Blue | G52: Dropper | H52: Black | J52: 68 | K52: 91 | L52: 25 | M52: 68 ±1 mm | N52: master truth 2026-07-12 | O52: GBBstnBlu15BlkDrprGlTrim | P52: GB-BSR-CBL-15ML-BLK-T-02 | Q52: Boston round design 15ml, 1/2 oz Cobalt blue glass bottle with black dropper shiny gold trim cap. For use with perfume oils, diffuser oils, serums, primers, facial oils or face oils, moisturizers, and beard oils. Price each
A53: 13 | B53: Boston Round | C53: 15 | D53: 18-400 | E53: Standard | F53: Cobalt Blue | G53: Dropper | H53: White | J53: 68 | K53: 91 | L53: 25 | M53: 68 ±1 mm | N53: master truth 2026-07-12 | O53: GBBstnBlu15WhtDrpr | P53: GB-BSR-CBL-15ML-WHT-T-01 | Q53: Boston round design 15ml, 1/2 oz Cobalt blue glass bottle with a white dropper. For use with perfume oils, diffuser oils, serums, primers, facial oils or face oils, moisturizers, and beard oils. Price each
A54: 13 | B54: Boston Round | C54: 15 | D54: 18-400 | E54: Standard | F54: Cobalt Blue | G54: Dropper | H54: White | J54: 68 | K54: 91 | L54: 25 | M54: 68 ±1 mm | N54: master truth 2026-07-12 | O54: GBBstnBlu15WhtDrprGlTrim | P54: GB-BSR-CBL-15ML-WHT-T-02 | Q54: Boston round design 15ml, 1/2 oz Cobalt blue glass bottle and white dropper and a shiny gold trim cap. For use with perfume oils, diffuser oils, serums, primers, facial oils or face oils, moisturizers, and beard oils. Price each
A55: 13 | B55: Boston Round | C55: 15 | D55: 18-400 | E55: Standard | F55: Cobalt Blue | G55: Dropper | H55: White | J55: 68 | K55: 91 | L55: 25 | M55: 68 ±1 mm | N55: master truth 2026-07-12 | O55: GBBstnBlu15WhtDrprSlTrim | P55: GB-BSR-CBL-15ML-WHT-T-03 | Q55: Boston round design 15ml, 1/2 oz Cobalt blue glass bottle and white dropper and a shiny silver trim cap. For use with perfume oils, diffuser oils, serums, primers, facial oils or face oils, moisturizers, and beard oils. Price each
A56: 13 | B56: Boston Round | C56: 15 | D56: 18-400 | E56: Standard | F56: Cobalt Blue | G56: Dropper | H56: Black | J56: 68 | K56: 91 | L56: 25 | M56: 68 ±1 mm | N56: master truth 2026-07-12 | O56: GBBstnBlu15mlBlkDropperSlTrim | P56: GB-BSR-CBL-15ML-BLK-T-03 | Q56: Boston round design 15ml, 1/2 oz Cobalt blue glass bottle and black dropper and a shiny silver trim cap. For use with perfume oils, diffuser oils, serums, primers, facial oils or face oils, moisturizers, and beard oils. Price each
A57: 14 | B57: Boston Round | C57: 30 | D57: 20-400 | E57: Standard | F57: Clear | H57: Black | J57: 68 | K57: 78 | L57: 33 | M57: 68 ±1 mm | N57: none | O57: GBBstn1ozBlkCapSht | P57: GB-BSR-CLR-30ML-BLK-S | Q57: Boston round design 30ml, 1oz Clear glass bottle with short black cap. For use with Perfume oils, essential oils, diffuser oils and aromatherapy. Price each
A58: 14 | B58: Boston Round | C58: 30 | D58: 20-400 | E58: Standard | F58: Clear | G58: Dropper | H58: Black | J58: 78 | K58: 102 | L58: 33 | M58: 78 ±1 mm | N58: master truth 2026-07-12 | O58: GBBstn1ozBlkDrp | P58: GB-BSR-CLR-30ML-DRP-BLK-T | Q58: Boston round design 30ml, 1oz Clear glass bottle with black dropper. For use with perfume oils, diffuser oils, serums, primers, facial oils or face oils, moisturizers, and beard oils. Price each
A59: 14 | B59: Boston Round | C59: 30 | D59: 20-400 | E59: Standard | F59: Clear | G59: Dropper | H59: Shiny Gold Trim | J59: 78 | K59: 102 | L59: 33 | M59: 78 ±1 mm | N59: master truth 2026-07-12 | O59: GBBstn1ozBlkDrpShnGlTrim | P59: GB-BSR-CLR-30ML-DRP-SGTR-T-01 | Q59: Boston round design 30ml, 1oz Clear glass bottle and black dropper with a shiny gold trim cap. For use with perfume oils, diffuser oils, serums, primers, facial oils or face oils, moisturizers, and beard oils. Price each
A60: 14 | B60: Boston Round | C60: 30 | D60: 20-400 | E60: Standard | F60: Clear | G60: Metal Roller Ball | H60: Black | J60: 78 | K60: 97 | L60: 33 | M60: 78 ±1 mm | N60: master truth 2026-07-12 | O60: GBBstn1ozMtlRollonBlk | P60: GB-BSR-CLR-30ML-MRL-BLK | Q60: Boston round clear glass bottle with metal roll on and black cap, 1 oz capacity
A61: 14 | B61: Boston Round | C61: 30 | D61: 20-400 | E61: Standard | F61: Clear | G61: Metal Roller Ball | H61: Gold | J61: 78 | K61: 97 | L61: 33 | M61: 78 ±1 mm | N61: master truth 2026-07-12 | O61: GBBstn1ozMtlRollonGl | P61: GB-BSR-CLR-30ML-MRO-GLD | Q61: Boston round design 30ml, 1oz Clear glass bottle with metal roller plug and shiny gold cap. For use with perfume or fragrance oil, essential oils, aromatic oils and aromatherapy. Refillable bottle with large, 12mm diameter metal-roller ball. Price each
A62: 14 | B62: Boston Round | C62: 30 | D62: 20-400 | E62: Standard | F62: Clear | G62: Metal Roller Ball | H62: Matte Black | J62: 78 | K62: 97 | L62: 33 | M62: 78 ±1 mm | N62: master truth 2026-07-12 | O62: GBBstn1ozMtlRollonMattBlk | P62: GB-BSR-CLR-30ML-MRO-MBLK | Q62: Boston round design 30ml, 1oz Clear glass bottle with metal roller plug and matte black cap. For use with perfume or fragrance oil, essential oils, aromatic oils and aromatherapy. Refillable bottle with large, 12mm diameter metal-roller ball. Price each
A63: 14 | B63: Boston Round | C63: 30 | D63: 20-400 | E63: Standard | F63: Clear | G63: Metal Roller Ball | H63: Matte Gold | J63: 78 | K63: 97 | L63: 33 | M63: 78 ±1 mm | N63: master truth 2026-07-12 | O63: GBBstn1ozMtlRollonMattGl | P63: GB-BSR-CLR-30ML-MRO-MGLD | Q63: Boston round design 30ml, 1oz Clear glass bottle with metal roller plug and matte gold cap. For use with perfume or fragrance oil, essential oils, aromatic oils and aromatherapy. Refillable bottle with large, 12mm diameter metal-roller ball. Price each
A64: 14 | B64: Boston Round | C64: 30 | D64: 20-400 | E64: Standard | F64: Clear | G64: Metal Roller Ball | H64: Matte Silver | J64: 78 | K64: 97 | L64: 33 | M64: 78 ±1 mm | N64: master truth 2026-07-12 | O64: GBBstn1ozMtlRollonMattSl | P64: GB-BSR-CLR-30ML-MRO-MSLV | Q64: Boston round design 30ml, 1oz Clear glass bottle with metal roller plug and matte silver cap. For use with perfume, fragrance oil, essential oils, body oils, thin lotions and ointments. Refillable bottle with large, 12mm diameter metal-roller ball. Price
A65: 14 | B65: Boston Round | C65: 30 | D65: 20-400 | E65: Standard | F65: Clear | G65: Metal Roller Ball | H65: Shiny Silver | J65: 78 | K65: 97 | L65: 33 | M65: 78 ±1 mm | N65: master truth 2026-07-12 | O65: GBBstn1ozMtlRollonShnSl | P65: GB-BSR-CLR-30ML-MRO-SSLV | Q65: Boston round design 30ml, 1oz Clear glass bottle with metal roller plug and shiny silver cap. For use with perfume or fragrance oil, essential oils, aromatic oils and aromatherapy. Refillable bottle with large, 12mm diameter metal-roller ball. Price each
A66: 14 | B66: Boston Round | C66: 30 | D66: 20-400 | E66: Standard | F66: Clear | G66: Plastic Roller Ball | H66: Matte Black | J66: 78 | K66: 97 | L66: 33 | M66: 78 ±1 mm | N66: master truth 2026-07-12 | O66: GBBstn1ozRollonMattBlk | P66: GB-BSR-CLR-30ML-RBL-MBLK | Q66: Boston round design 30ml, 1oz Clear glass bottle with plastic roller ball plug and matte black cap. For use with perfume or fragrance oil, essential oils, aromatic oils and aromatherapy. Refillable bottle with large, 12mm diameter roller ball. Price each
A67: 14 | B67: Boston Round | C67: 30 | D67: 20-400 | E67: Standard | F67: Clear | G67: Plastic Roller Ball | H67: Matte Gold | J67: 78 | K67: 97 | L67: 33 | M67: 78 ±1 mm | N67: master truth 2026-07-12 | O67: GBBstn1ozRollonMattGl | P67: GB-BSR-CLR-30ML-RBL-MGLD | Q67: Boston round design 30ml, 1oz Clear glass bottle with plastic roller ball plug and matte gold cap. For use with perfume or fragrance oil, essential oils, aromatic oils and aromatherapy. Refillable bottle with large, 12mm diameter roller ball. Price each
A68: 14 | B68: Boston Round | C68: 30 | D68: 20-400 | E68: Standard | F68: Clear | G68: Plastic Roller Ball | H68: Matte Silver | J68: 78 | K68: 97 | L68: 33 | M68: 78 ±1 mm | N68: master truth 2026-07-12 | O68: GBBstn1ozRollonMattSl | P68: GB-BSR-CLR-30ML-RBL-MSLV | Q68: Boston round design 30ml, 1oz Clear glass bottle with plastic roller ball plug and matte silver cap. For use with perfume or fragrance oil, essential oils, aromatic oils and aromatherapy. Refillable bottle with large, 12mm diameter roller ball. Price each
A69: 14 | B69: Boston Round | C69: 30 | D69: 20-400 | E69: Standard | F69: Clear | G69: Plastic Roller Ball | H69: Shiny Black | J69: 78 | K69: 97 | L69: 33 | M69: 78 ±1 mm | N69: master truth 2026-07-12 | O69: GBBstn1ozRollonShBlk | P69: GB-BSR-CLR-30ML-RBL-SBLK | Q69: Boston round design 30ml, 1oz Clear glass bottle with plastic roller ball plug and shiny black cap. For use with perfume or fragrance oil, essential oils, aromatic oils and aromatherapy. Refillable bottle with large, 12mm diameter roller ball. Price each
... A74: 14 | B74: Boston Round | C74: 30 | D74: 20-400 | E74: Standard | F74: Clear | G74: Dropper | H74: Shiny Silver Trim | J74: 78 | K74: 102 | L74: 33 | M74: 78 ±1 mm | N74: master truth 2026-07-12 | O74: GBBstn1ozWhtDrpShnSlTrim | P74: GB-BSR-CLR-30ML-DRP-SSTR-T | Q74: Boston round design 30ml, 1oz Clear glass bottle and white dropper with a shiny silver trim cap. For use with perfume oils, diffuser oils, serums, primers, facial oils or face oils, moisturizers, and beard oils. Price each
A75: 14 | B75: Boston Round | C75: 30 | D75: 20-400 | E75: Standard | F75: Amber | H75: Black | J75: 78 | K75: 78 | L75: 33 | M75: 78 ±1 mm | N75: master truth 2026-07-12 | O75: GBBstnAmb1ozBlkCapSht | P75: GB-BSR-AMB-30ML-BLK-S | Q75: Boston round design 30ml, 1oz Amber glass bottle with short black cap. For use with Perfume oils, essential oils, diffuser oils and aromatherapy. Price each
A76: 14 | B76: Boston Round | C76: 30 | D76: 20-400 | E76: Standard | F76: Amber | G76: Dropper | H76: Black | J76: 78 | K76: 102 | L76: 33 | M76: 78 ±1 mm | N76: master truth 2026-07-12 | O76: GBBstnAmb1ozBlkDropper | P76: GB-BSR-AMB-30ML-BLK-T-01 | Q76: Boston round design 30ml, 1oz Amber glass bottle with black dropper. For use with perfume oils, diffuser oils, serums, primers, facial oils or face oils, moisturizers, and beard oils. Price each
A77: 14 | B77: Boston Round | C77: 30 | D77: 20-400 | E77: Standard | F77: Amber | G77: Dropper | H77: Black | J77: 78 | K77: 102 | L77: 33 | M77: 78 ±1 mm | N77: master truth 2026-07-12 | O77: GBBstnAmb1ozBlkDrpShnGl | P77: GB-BSR-AMB-30ML-BLK-T-02 | Q77: Boston round design 30ml, 1oz Amber glass bottle and black dropper with a shiny gold trim cap. For use with perfume oils, diffuser oils, serums, primers, facial oils or face oils, moisturizers, and beard oils. Price each
A78: 14 | B78: Boston Round | C78: 30 | D78: 20-400 | E78: Standard | F78: Amber | G78: Metal Roller Ball | H78: Gold | J78: 78 | K78: 97 | L78: 33 | M78: 78 ±1 mm | N78: master truth 2026-07-12 | O78: GBBstnAmb1ozMtlRollonGl | P78: GB-BSR-AMB-30ML-MRO-GLD | Q78: Boston round design 30ml, 1oz Amber glass bottle with metal roller plug and shiny gold cap. For use with perfume or fragrance oil, essential oils, aromatic oils and aromatherapy. Refillable bottle with large, 12mm diameter metal-roller ball. Price each
A79: 14 | B79: Boston Round | C79: 30 | D79: 20-400 | E79: Standard | F79: Amber | G79: Metal Roller Ball | H79: Matte Black | J79: 78 | K79: 97 | L79: 33 | M79: 78 ±1 mm | N79: master truth 2026-07-12 | O79: GBBstnAmb1ozMtlRollonMattBlk | P79: GB-BSR-AMB-30ML-MRL-MBLK | Q79: Boston round design 30ml, 1oz Amber glass bottle with metal roller plug and matte black cap. For use with perfume or fragrance oil, essential oils, aromatic oils and aromatherapy. Refillable bottle with large, 12mm diameter metal-roller ball. Price each
A80: 14 | B80: Boston Round | C80: 30 | D80: 20-400 | E80: Standard | F80: Amber | G80: Metal Roller Ball | H80: Matte Gold | J80: 78 | K80: 97 | L80: 33 | M80: 78 ±1 mm | N80: master truth 2026-07-12 | O80: GBBstnAmb1ozMtlRollonMattGl | P80: GB-BSR-AMB-30ML-MRL-MGLD | Q80: Boston round design 30ml, 1oz Amber glass bottle with metal roller plug and matte gold cap. For use with perfume or fragrance oil, essential oils, aromatic oils and aromatherapy. Refillable bottle with large, 12mm diameter metal-roller ball. Price each
A81: 14 | B81: Boston Round | C81: 30 | D81: 20-400 | E81: Standard | F81: Amber | G81: Metal Roller Ball | H81: Matte Silver | J81: 78 | K81: 97 | L81: 33 | M81: 78 ±1 mm | N81: master truth 2026-07-12 | O81: GBBstnAmb1ozMtlRollonMattSl | P81: GB-BSR-AMB-30ML-MRL-MSLV | Q81: Boston round design 30ml, 1oz Amber glass bottle with metal roller plug and matte silver cap. For use with perfume, fragrance oil, essential oils, body oils, thin lotions and ointments. Refillable bottle with large, 12mm diameter metal-roller ball. Price
A82: 14 | B82: Boston Round | C82: 30 | D82: 20-400 | E82: Standard | F82: Amber | G82: Metal Roller Ball | H82: Shiny Black | J82: 78 | K82: 97 | L82: 33 | M82: 78 ±1 mm | N82: master truth 2026-07-12 | O82: GBBstnAmb1ozMtlRollonShnBlk | P82: GB-BSR-AMB-30ML-MRL-SBLK | Q82: Boston round design 30ml, 1oz Amber glass bottle with metal roller plug and shiny black cap. For use with perfume or fragrance oil, essential oils, aromatic oils and aromatherapy. Refillable bottle with large, 12mm diameter metal-roller ball. Price each
A83: 14 | B83: Boston Round | C83: 30 | D83: 20-400 | E83: Standard | F83: Amber | G83: Metal Roller Ball | H83: Shiny Silver | J83: 78 | K83: 97 | L83: 33 | M83: 78 ±1 mm | N83: master truth 2026-07-12 | O83: GBBstnAmb1ozMtlRollonShnSl | P83: GB-BSR-AMB-30ML-MRL-SSLV | Q83: Boston round design 30ml, 1oz Amber glass bottle with metal roller plug and shiny silver cap. For use with perfume or fragrance oil, essential oils, aromatic oils and aromatherapy. Refillable bottle with large, 12mm diameter metal-roller ball. Price each
A84: 14 | B84: Boston Round | C84: 30 | D84: 20-400 | E84: Standard | F84: Amber | G84: Plastic Roller Ball | H84: Gold | J84: 78 | K84: 97 | L84: 33 | M84: 78 ±1 mm | N84: master truth 2026-07-12 | O84: GBBstnAmb1ozRollonGl | P84: GB-BSR-AMB-30ML-RON-GLD | Q84: Boston round design 30ml, 1oz Amber glass bottle with plastic roller ball plug and shiny gold cap. For use with perfume or fragrance oil, essential oils, aromatic oils and aromatherapy. Refillable bottle with large, 12mm diameter roller ball. Price each
A85: 14 | B85: Boston Round | C85: 30 | D85: 20-400 | E85: Standard | F85: Amber | G85: Plastic Roller Ball | H85: Matte Black | J85: 78 | K85: 97 | L85: 33 | M85: 78 ±1 mm | N85: master truth 2026-07-12 | O85: GBBstnAmb1ozRollonMattBlk | P85: GB-BSR-AMB-30ML-RON-MBLK | Q85: Boston round design 30ml, 1oz Amber glass bottle with plastic roller ball plug and matte black cap. For use with perfume or fragrance oil, essential oils, aromatic oils and aromatherapy. Refillable bottle with large, 12mm diameter roller ball. Price each
A86: 14 | B86: Boston Round | C86: 30 | D86: 20-400 | E86: Standard | F86: Amber | G86: Plastic Roller Ball | H86: Matte Gold | J86: 78 | K86: 97 | L86: 33 | M86: 78 ±1 mm | N86: master truth 2026-07-12 | O86: GBBstnAmb1ozRollonMattGl | P86: GB-BSR-AMB-30ML-RON-MGLD | Q86: Boston round design 30ml, 1oz Amber glass bottle with plastic roller ball plug and matte gold cap. For use with perfume or fragrance oil, essential oils, aromatic oils and aromatherapy. Refillable bottle with large, 12mm diameter roller ball. Price each
A87: 14 | B87: Boston Round | C87: 30 | D87: 20-400 | E87: Standard | F87: Amber | G87: Plastic Roller Ball | H87: Matte Silver | J87: 78 | K87: 97 | L87: 33 | M87: 78 ±1 mm | N87: master truth 2026-07-12 | O87: GBBstnAmb1ozRollonMattSl | P87: GB-BSR-AMB-30ML-RON-MSLV | Q87: Boston round design 30ml, 1oz Amber glass bottle with plastic roller ball plug and matte silver cap. For use with perfume or fragrance oil, essential oils, aromatic oils and aromatherapy. Refillable bottle with large, 12mm diameter roller ball. Price each
... A92: 14 | B92: Boston Round | C92: 30 | D92: 20-400 | E92: Standard | F92: Amber | G92: Dropper | H92: White | J92: 78 | K92: 102 | L92: 33 | M92: 78 ±1 mm | N92: master truth 2026-07-12 | O92: GBBstnAmb1ozWhtDrprShnSlTrim | P92: GB-BSR-AMB-30ML-WHT-T-03 | Q92: Boston round design 30ml, 1oz Amber glass bottle and white dropper with a shiny silver trim cap. For use with perfume oils, diffuser oils, serums, primers, facial oils or face oils, moisturizers, and beard oils. Price each
A93: 14 | B93: Boston Round | C93: 30 | D93: 20-400 | E93: Standard | F93: Cobalt Blue | H93: Black | J93: 78 | K93: 78 | L93: 33 | M93: 78 ±1 mm | N93: master truth 2026-07-12 | O93: GBBstnBlu1ozBlkCapSht | P93: GB-BSR-CBL-30ML-BLK-S | Q93: Boston round design 30ml, 1oz Cobalt blue glass bottle with short black cap. For use with Perfume oils, essential oils, diffuser oils and aromatherapy. Price each
A94: 14 | B94: Boston Round | C94: 30 | D94: 20-400 | E94: Standard | F94: Cobalt Blue | G94: Dropper | H94: Black | J94: 78 | K94: 102 | L94: 33 | M94: 78 ±1 mm | N94: master truth 2026-07-12 | O94: GBBstnBlu1ozBlkDropper | P94: GB-BSR-CBL-30ML-BLK-T-01 | Q94: Boston round design 30ml, 1oz Cobalt blue glass bottle with black dropper. For use with perfume oils, diffuser oils, serums, primers, facial oils or face oils, moisturizers, and beard oils. Price each
A95: 14 | B95: Boston Round | C95: 30 | D95: 20-400 | E95: Standard | F95: Cobalt Blue | G95: Dropper | H95: Black | J95: 78 | K95: 102 | L95: 33 | M95: 78 ±1 mm | N95: master truth 2026-07-12 | O95: GBBstnBlu1ozBlkDropperShnGlTrim | P95: GB-BSR-CBL-30ML-BLK-T-02 | Q95: Boston round design 30ml, 1oz Cobalt blue glass bottle and black dropper with a shiny gold trim cap. For use with perfume oils, diffuser oils, serums, primers, facial oils or face oils, moisturizers, and beard oils. Price each
A96: 14 | B96: Boston Round | C96: 30 | D96: 20-400 | E96: Standard | F96: Cobalt Blue | G96: Metal Roller Ball | H96: Gold | J96: 78 | K96: 97 | L96: 33 | M96: 78 ±1 mm | N96: master truth 2026-07-12 | O96: GBBstnBlu1ozMtlRollonGl | P96: GB-BSR-BLU-30ML-MRO-GLD | Q96: Boston round design 30ml, 1oz Cobalt blue glass bottle with metal roller plug and shiny gold cap. For use with perfume or fragrance oil, essential oils, aromatic oils and aromatherapy. Refillable bottle with large, 12mm diameter metal-roller ball. Price e
A97: 14 | B97: Boston Round | C97: 30 | D97: 20-400 | E97: Standard | F97: Cobalt Blue | G97: Metal Roller Ball | H97: Matte Black | J97: 78 | K97: 97 | L97: 33 | M97: 78 ±1 mm | N97: master truth 2026-07-12 | O97: GBBstnBlu1ozMtlRollonMattBlk | P97: GB-BSR-BLU-30ML-MRO-MBLK | Q97: Boston round design 30ml, 1oz Cobalt blue glass bottle with metal roller plug and matte black cap. For use with perfume or fragrance oil, essential oils, aromatic oils and aromatherapy. Refillable bottle with large, 12mm diameter metal-roller ball. Price
A98: 14 | B98: Boston Round | C98: 30 | D98: 20-400 | E98: Standard | F98: Cobalt Blue | G98: Metal Roller Ball | H98: Matte Gold | J98: 78 | K98: 97 | L98: 33 | M98: 78 ±1 mm | N98: master truth 2026-07-12 | O98: GBBstnBlu1ozMtlRollonMattGl | P98: GB-BSR-BLU-30ML-MRO-MGLD | Q98: Boston round design 30ml, 1oz Cobalt blue glass bottle with metal roller plug and matte gold cap. For use with perfume or fragrance oil, essential oils, aromatic oils and aromatherapy. Refillable bottle with large, 12mm diameter metal-roller ball. Price e
A99: 14 | B99: Boston Round | C99: 30 | D99: 20-400 | E99: Standard | F99: Cobalt Blue | G99: Metal Roller Ball | H99: Matte Silver | J99: 78 | K99: 97 | L99: 33 | M99: 78 ±1 mm | N99: master truth 2026-07-12 | O99: GBBstnBlu1ozMtlRollonMattSl | P99: GB-BSR-BLU-30ML-MRO-MSLV | Q99: Boston round design 30ml, 1oz Cobalt blue glass bottle with metal roller plug and matte silver cap. For use with perfume, fragrance oil, essential oils, body oils, thin lotions and ointments. Refillable bottle with large, 12mm diameter metal-roller ball.
A100: 14 | B100: Boston Round | C100: 30 | D100: 20-400 | E100: Standard | F100: Cobalt Blue | G100: Metal Roller Ball | H100: Shiny Silver | J100: 78 | K100: 97 | L100: 33 | M100: 78 ±1 mm | N100: master truth 2026-07-12 | O100: GBBstnBlu1ozMtlRollonShnSl | P100: GB-BSR-BLU-30ML-MRO-SSLV | Q100: Boston round design 30ml, 1oz Cobalt blue glass bottle with metal roller plug and shiny silver cap. For use with perfume or fragrance oil, essential oils, aromatic oils and aromatherapy. Refillable bottle with large, 12mm diameter metal-roller ball. Price
A101: 14 | B101: Boston Round | C101: 30 | D101: 20-400 | E101: Standard | F101: Cobalt Blue | G101: Plastic Roller Ball | H101: Gold | J101: 78 | K101: 97 | L101: 33 | M101: 78 ±1 mm | N101: master truth 2026-07-12 | O101: GBBstnBlu1ozRollonGl | P101: GB-BSR-BLU-30ML-RON-GLD | Q101: Boston round design 30ml, 1oz Cobalt blue glass bottle with plastic roller ball plug and shiny gold cap. For use with perfume or fragrance oil, essential oils, aromatic oils and aromatherapy. Refillable bottle with large, 12mm diameter roller ball. Price
A102: 14 | B102: Boston Round | C102: 30 | D102: 20-400 | E102: Standard | F102: Cobalt Blue | G102: Plastic Roller Ball | H102: Matte Black | J102: 78 | K102: 97 | L102: 33 | M102: 78 ±1 mm | N102: master truth 2026-07-12 | O102: GBBstnBlu1ozRollonMattBlk | P102: GB-BSR-BLU-30ML-RON-MBLK | Q102: Boston round design 30ml, 1oz Cobalt blue glass bottle with plastic roller ball plug and matte black cap. For use with perfume or fragrance oil, essential oils, aromatic oils and aromatherapy. Refillable bottle with large, 12mm diameter roller ball. Price
A103: 14 | B103: Boston Round | C103: 30 | D103: 20-400 | E103: Standard | F103: Cobalt Blue | G103: Plastic Roller Ball | H103: Matte Gold | J103: 78 | K103: 97 | L103: 33 | M103: 78 ±1 mm | N103: master truth 2026-07-12 | O103: GBBstnBlu1ozRollonMattGl | P103: GB-BSR-BLU-30ML-RON-MGLD | Q103: Boston round design 30ml, 1oz Cobalt blue glass bottle with plastic roller ball plug and matte gold cap. For use with perfume or fragrance oil, essential oils, aromatic oils and aromatherapy. Refillable bottle with large, 12mm diameter roller ball. Price
A104: 14 | B104: Boston Round | C104: 30 | D104: 20-400 | E104: Standard | F104: Cobalt Blue | G104: Plastic Roller Ball | H104: Matte Silver | J104: 78 | K104: 97 | L104: 33 | M104: 78 ±1 mm | N104: master truth 2026-07-12 | O104: GBBstnBlu1ozRollonMattSl | P104: GB-BSR-CBL-30ML-RBL-MSLV | Q104: Boston round design 30ml, 1oz Cobalt blue glass bottle with plastic roller ball plug and matte silver cap. For use with perfume or fragrance oil, essential oils, aromatic oils and aromatherapy. Refillable bottle with large, 12mm diameter roller ball. Pric
A105: 14 | B105: Boston Round | C105: 30 | D105: 20-400 | E105: Standard | F105: Cobalt Blue | G105: Plastic Roller Ball | H105: Shiny Black | J105: 78 | K105: 97 | L105: 33 | M105: 78 ±1 mm | N105: master truth 2026-07-12 | O105: GBBstnBlu1ozRollonShnBlk | P105: GB-BSR-CBL-30ML-RBL-SBLK | Q105: Cylinder design 30ml,1 oz Blue glass bottle with plastic roller ball plug and shiny black cap. For use with perfume or fragrance oil, essential oils, aromatic oils and aromatherapy. Price each
... A109: 14 | B109: Boston Round | C109: 30 | D109: 20-400 | E109: Standard | F109: Cobalt Blue | G109: Dropper | H109: White | J109: 78 | K109: 102 | L109: 33 | M109: 78 ±1 mm | N109: master truth 2026-07-12 | O109: GBBstnBlu1ozWhtDropperShnSlTrim | P109: GB-BSR-CBL-30ML-WHT-T-03 | Q109: Boston round design 30ml, 1oz Cobalt blue glass bottle and white dropper with a shiny silver trim cap. For use with perfume oils, diffuser oils, serums, primers, facial oils or face oils, moisturizers, and beard oils. Price each
A110: 15 | B110: Boston Round | C110: 60 | D110: 20-400 | E110: Standard | F110: Clear | H110: Black | J110: 94 | K110: 110 | L110: 39 | M110: 94 ±1 mm | N110: master truth 2026-07-12 | O110: GBBstn2ozBlkCapSht | P110: GB-BSR-CLR-60ML-BLK-S | Q110: Boston round design 60ml, 2oz Clear glass bottle with short black cap. For use with Perfume oils, essential oils, diffuser oils and aromatherapy. Price each
A111: 15 | B111: Boston Round | C111: 60 | D111: 20-400 | E111: Standard | F111: Clear | G111: Dropper | H111: Black | J111: 94 | K111: 117 | L111: 39 | M111: 94 ±1 mm | N111: master truth 2026-07-12 | O111: GBBstn2ozBlkDrpr | P111: GB-BSR-CLR-60ML-BLK-T-01 | Q111: Boston round design 60ml, 2oz Clear glass bottle with black dropper. For use with perfume oils, diffuser oils, serums, primers, facial oils or face oils, moisturizers, and beard oils. Price each
A112: 15 | B112: Boston Round | C112: 60 | D112: 20-400 | E112: Standard | F112: Clear | G112: Dropper | H112: Black | J112: 94 | K112: 117 | L112: 39 | M112: 94 ±1 mm | N112: master truth 2026-07-12 | O112: GBBstn2ozBlkDrprShnGlTrim | P112: GB-BSR-CLR-60ML-BLK-T-02 | Q112: Boston round design 2 ounce clear glass bottle and black dropper with a shiny gold trim cap, price each
A113: 15 | B113: Boston Round | C113: 60 | D113: 20-400 | E113: Standard | F113: Clear | G113: Dropper | H113: Black | J113: 94 | K113: 117 | L113: 39 | M113: 94 ±1 mm | N113: master truth 2026-07-12 | O113: GBBstn2ozBlkDrprShnSlTrim | P113: GB-BSR-CLR-60ML-BLK-T-03 | Q113: Boston round design 60ml, 2oz Clear glass bottle and black dropper with a shiny silver trim cap. For use with perfume oils, diffuser oils, serums, primers, facial oils or face oils, moisturizers, and beard oils. Price each
A114: 15 | B114: Boston Round | C114: 60 | D114: 20-400 | E114: Standard | F114: Clear | G114: Metal Roller Ball | H114: Black | J114: 94 | K114: 111 | L114: 39 | M114: 94 ±1 mm | N114: master truth 2026-07-12 | O114: GBBstn2ozMtlRollBlk | P114: GB-BSR-CLR-60ML-MRL-BLK | Q114: Boston round design 2 ounce clear glass bottle with metal roller ball plug and shiny black cap, price each
A115: 15 | B115: Boston Round | C115: 60 | D115: 20-400 | E115: Standard | F115: Clear | G115: Metal Roller Ball | H115: Shiny Gold | J115: 94 | K115: 111 | L115: 39 | M115: 94 ±1 mm | N115: master truth 2026-07-12 | O115: GBBstn2ozMtlRollGl | P115: GB-BSR-CLR-60ML-MRL-SGLD | Q115: Boston round design 60ml, 2oz Clear glass bottle with metal roller ball plug and shiny gold cap. For use with perfume or fragrance oil, essential oils, aromatic oils and aromatherapy. Refillable bottle with large, 12mm diameter metal-roller ball. Price ea
A116: 15 | B116: Boston Round | C116: 60 | D116: 20-400 | E116: Standard | F116: Clear | G116: Metal Roller Ball | H116: Matte Black | J116: 94 | K116: 111 | L116: 39 | M116: 94 ±1 mm | N116: master truth 2026-07-12 | O116: GBBstn2ozMtlRollMattBlk | P116: GB-BSR-CLR-60ML-MRL-MBLK | Q116: Boston round design 60ml, 2oz Clear glass bottle with metal roller ball plug and matte black cap. For use with perfume or fragrance oil, essential oils, aromatic oils and aromatherapy. Refillable bottle with large, 12mm diameter metal-roller ball. Price e
A117: 15 | B117: Boston Round | C117: 60 | D117: 20-400 | E117: Standard | F117: Clear | G117: Metal Roller Ball | H117: Matte Gold | J117: 94 | K117: 111 | L117: 39 | M117: 94 ±1 mm | N117: master truth 2026-07-12 | O117: GBBstn2ozMtlRollMattGl | P117: GB-BSR-CLR-60ML-MRL-MGLD | Q117: Boston round design 60ml, 2oz Clear glass bottle with metal roller ball plug and matte gold cap. For use with perfume or fragrance oil, essential oils, aromatic oils and aromatherapy. Refillable bottle with large, 12mm diameter metal-roller ball. Price ea
A118: 15 | B118: Boston Round | C118: 60 | D118: 20-400 | E118: Standard | F118: Clear | G118: Metal Roller Ball | H118: Matte Silver | J118: 94 | K118: 111 | L118: 39 | M118: 94 ±1 mm | N118: master truth 2026-07-12 | O118: GBBstn2ozMtlRollMattSl | P118: GB-BSR-CLR-60ML-MRL-MSLV | Q118: Boston round design 60ml, 2oz Clear glass bottle with metal roller ball plug and matte silver cap. For use with perfume, fragrance oil, essential oils, body oils, thin lotions and ointments. Refillable bottle with large, 12mm diameter metal-roller ball. P
A119: 15 | B119: Boston Round | C119: 60 | D119: 20-400 | E119: Standard | F119: Clear | G119: Metal Roller Ball | H119: Shiny Silver | J119: 94 | K119: 111 | L119: 39 | M119: 94 ±1 mm | N119: master truth 2026-07-12 | O119: GBBstn2ozMtlRollShnSl | P119: GB-BSR-CLR-60ML-MRL-SSLV | Q119: Boston round design 60ml, 2oz Clear glass bottle with metal roller ball plug and shiny silver cap. For use with perfume or fragrance oil, essential oils, aromatic oils and aromatherapy. Refillable bottle with large, 12mm diameter metal-roller ball. Price
A120: 15 | B120: Boston Round | C120: 60 | D120: 20-400 | E120: Standard | F120: Clear | G120: Plastic Roller Ball | H120: Shiny Gold | J120: 94 | K120: 111 | L120: 39 | M120: 94 ±1 mm | N120: master truth 2026-07-12 | O120: GBBstn2ozRollGl | P120: GB-BSR-CLR-60ML-RBL-SGLD | Q120: Boston round design 60ml, 2oz Clear glass bottle with plastic roller ball plug and shiny gold cap. For use with perfume or fragrance oil, essential oils, aromatic oils and aromatherapy. Refillable bottle with large, 12mm diameter roller ball. Price each
A121: 15 | B121: Boston Round | C121: 60 | D121: 20-400 | E121: Standard | F121: Clear | G121: Plastic Roller Ball | H121: Matte Black | J121: 94 | K121: 111 | L121: 39 | M121: 94 ±1 mm | N121: master truth 2026-07-12 | O121: GBBstn2ozRollMattBlk | P121: GB-BSR-CLR-60ML-RBL-MBLK | Q121: Boston round design 60ml, 2oz Clear glass bottle with plastic roller ball plug and matte black cap. For use with perfume or fragrance oil, essential oils, aromatic oils and aromatherapy. Refillable bottle with large, 12mm diameter roller ball. Price each
A122: 15 | B122: Boston Round | C122: 60 | D122: 20-400 | E122: Standard | F122: Clear | G122: Plastic Roller Ball | H122: Matte Silver | J122: 94 | K122: 111 | L122: 39 | M122: 94 ±1 mm | N122: master truth 2026-07-12 | O122: GBBstn2ozRollMattSl | P122: GB-BSR-CLR-60ML-RBL-MSLV | Q122: Boston round design 60ml, 2oz Clear glass bottle with plastic roller ball plug and matte silver cap. For use with perfume or fragrance oil, essential oils, aromatic oils and aromatherapy. Refillable bottle with large, 12mm diameter roller ball. Price each
... A128: 15 | B128: Boston Round | C128: 60 | D128: 20-400 | E128: Standard | F128: Clear | G128: Dropper | H128: White | J128: 94 | K128: 117 | L128: 39 | M128: 94 ±1 mm | N128: master truth 2026-07-12 | O128: GBBstn2ozWhtDrprShnSlTrim | P128: GB-BSR-CLR-60ML-WHT-T-03 | Q128: Boston round design 2 ounce clear glass bottle and white dropper with a shiny silver trim cap, price each
A129: 15 | B129: Boston Round | C129: 60 | D129: 20-400 | E129: Standard | F129: Amber | H129: Black | J129: 94 | K129: 110 | L129: 39 | M129: 94 ±1 mm | N129: master truth 2026-07-12 | O129: GBBstnAmb2ozBlkCapSht | P129: GB-BSR-AMB-60ML-BLK-S | Q129: Boston round design 60ml, 2oz Amber glass bottle with short black cap. For use with Perfume oils, essential oils, diffuser oils and aromatherapy. Price each
A130: 15 | B130: Boston Round | C130: 60 | D130: 20-400 | E130: Standard | F130: Amber | G130: Dropper | H130: Black | J130: 94 | K130: 117 | L130: 39 | M130: 94 ±1 mm | N130: master truth 2026-07-12 | O130: GBBstnAmb2ozBlkDropperShnGlTrim | P130: GB-BSR-AMB-60ML-BLK-T-01 | Q130: Boston round design 60ml, 2oz Amber glass bottle and black dropper with a shiny gold trim cap. For use with perfume oils, diffuser oils, serums, primers, facial oils or face oils, moisturizers, and beard oils. Price each
...
